CLUSTER,PRIMARY DESCRIPTION,COUNT
0,THEFT,50399
0,BATTERY,41987
0,CRIMINAL DAMAGE,25576
0,ASSAULT,20700
0,MOTOR VEHICLE THEFT,18065
0,OTHER OFFENSE,15538
0,DECEPTIVE PRACTICE,13221
0,BURGLARY,12970
0,NARCOTICS,6472
0,CRIMINAL TRESPASS,5439
0,WEAPONS VIOLATION,4918
0,ROBBERY,4823
0,CRIMINAL SEXUAL ASSAULT,1614
0,OFFENSE INVOLVING CHILDREN,1485
0,SEX OFFENSE,1333
0,PUBLIC PEACE VIOLATION,1124
0,INTERFERENCE WITH PUBLIC OFFICER,964
0,STALKING,630
0,HOMICIDE,433
0,ARSON,368
0,INTIMIDATION,224
0,CONCEALED CARRY LICENSE VIOLATION,195
0,LIQUOR LAW VIOLATION,195
0,PROSTITUTION,159
0,KIDNAPPING,102
0,OBSCENITY,58
0,HUMAN TRAFFICKING,23
0,PUBLIC INDECENCY,20
0,GAMBLING,15
0,OTHER NARCOTIC VIOLATION,6
0,NON-CRIMINAL,3
1,THEFT,326
1,BATTERY,131
1,PUBLIC PEACE VIOLATION,68
1,CRIMINAL TRESPASS,63
1,DECEPTIVE PRACTICE,57
1,CONCEALED CARRY LICENSE VIOLATION,47
1,ASSAULT,45
1,OTHER OFFENSE,34
1,WEAPONS VIOLATION,33
1,CRIMINAL DAMAGE,31
1,MOTOR VEHICLE THEFT,17
1,NARCOTICS,11
1,BURGLARY,6
1,OFFENSE INVOLVING CHILDREN,3
1,SEX OFFENSE,3
1,CRIMINAL SEXUAL ASSAULT,1
1,KIDNAPPING,1
2,CRIMINAL DAMAGE,149
2,BATTERY,118
2,MOTOR VEHICLE THEFT,72
2,THEFT,71
2,ASSAULT,70
2,OTHER OFFENSE,62
2,BURGLARY,35
2,DECEPTIVE PRACTICE,21
2,CRIMINAL TRESPASS,17
2,ROBBERY,10
2,WEAPONS VIOLATION,8
2,SEX OFFENSE,4
2,CRIMINAL SEXUAL ASSAULT,3
2,PUBLIC PEACE VIOLATION,3
2,NARCOTICS,2
2,STALKING,2
2,KIDNAPPING,1
2,OFFENSE INVOLVING CHILDREN,1
3,DECEPTIVE PRACTICE,35
3,THEFT,14
3,BATTERY,9
3,MOTOR VEHICLE THEFT,9
3,CRIMINAL DAMAGE,6
3,CRIMINAL TRESPASS,5
3,ASSAULT,4
3,OTHER OFFENSE,4
3,PUBLIC PEACE VIOLATION,1
4,OTHER OFFENSE,9
4,BATTERY,6
4,THEFT,6
4,CRIMINAL DAMAGE,5
4,DECEPTIVE PRACTICE,4
4,ASSAULT,3
4,BURGLARY,3
4,CRIMINAL TRESPASS,3
4,MOTOR VEHICLE THEFT,3
4,CRIMINAL SEXUAL ASSAULT,1
4,LIQUOR LAW VIOLATION,1
4,NARCOTICS,1
4,ROBBERY,1
4,WEAPONS VIOLATION,1
