PRIMARY DESCRIPTION,Afternoon,Evening,Morning,Night
ARSON,52,105,66,146
ASSAULT,7382,5657,5002,2797
BATTERY,11977,12859,8206,9273
BURGLARY,2945,3590,2639,3851
CONCEALED CARRY LICENSE VIOLATION,47,94,36,68
CRIMINAL DAMAGE,5816,7525,5001,7435
CRIMINAL SEXUAL ASSAULT,289,485,225,757
CRIMINAL TRESPASS,1875,1396,1328,935
DECEPTIVE PRACTICE,5508,1893,3442,2563
GAMBLING,2,8,3,2
HOMICIDE,105,130,71,129
HUMAN TRAFFICKING,8,5,0,18
INTERFERENCE WITH PUBLIC OFFICER,292,433,109,130
INTIMIDATION,85,58,57,25
KIDNAPPING,32,32,27,14
LIQUOR LAW VIOLATION,58,92,30,17
MOTOR VEHICLE THEFT,4046,6462,3246,4428
NARCOTICS,2496,2229,1346,430
NON-CRIMINAL,0,3,0,0
OBSCENITY,24,13,3,18
OFFENSE INVOLVING CHILDREN,541,344,294,364
OTHER NARCOTIC VIOLATION,3,2,0,1
OTHER OFFENSE,5206,3999,4101,2371
PROSTITUTION,13,80,37,29
PUBLIC INDECENCY,8,6,4,2
PUBLIC PEACE VIOLATION,362,470,166,216
ROBBERY,1244,1474,815,1309
SEX OFFENSE,431,314,314,328
STALKING,213,161,157,104
THEFT,19774,12356,11618,7135
WEAPONS VIOLATION,1218,2256,507,980
