CRIME_TYPE,COUNT
THEFT,50883
BATTERY,42315
CRIMINAL DAMAGE,25777
ASSAULT,20838
MOTOR VEHICLE THEFT,18182
OTHER OFFENSE,15677
DECEPTIVE PRACTICE,13406
BURGLARY,13025
NARCOTICS,6501
CRIMINAL TRESPASS,5534
WEAPONS VIOLATION,4961
ROBBERY,4842
CRIMINAL SEXUAL ASSAULT,1756
OFFENSE INVOLVING CHILDREN,1543
SEX OFFENSE,1387
PUBLIC PEACE VIOLATION,1214
INTERFERENCE WITH PUBLIC OFFICER,964
STALKING,635
HOMICIDE,435
ARSON,369
CONCEALED CARRY LICENSE VIOLATION,245
INTIMIDATION,225
LIQUOR LAW VIOLATION,197
PROSTITUTION,159
KIDNAPPING,105
OBSCENITY,58
HUMAN TRAFFICKING,31
PUBLIC INDECENCY,20
GAMBLING,15
OTHER NARCOTIC VIOLATION,6
NON-CRIMINAL,3
