PRIMARY DESCRIPTION,Monday,Tuesday,Wednesday,Thursday,Friday,Saturday,Sunday
ARSON,57,58,48,49,33,59,65
ASSAULT,2922,2950,2989,2975,3096,2936,2970
BATTERY,5834,5433,5616,5625,5941,6652,7214
BURGLARY,1894,1986,1877,1825,1997,1777,1669
CONCEALED CARRY LICENSE VIOLATION,38,28,23,28,44,42,42
CRIMINAL DAMAGE,3738,3560,3494,3440,3680,3988,3877
CRIMINAL SEXUAL ASSAULT,228,199,214,193,276,308,338
CRIMINAL TRESPASS,823,798,880,772,797,757,707
DECEPTIVE PRACTICE,2152,1967,2164,2041,2116,1618,1348
GAMBLING,1,2,2,5,2,1,2
HOMICIDE,58,58,52,44,69,69,85
HUMAN TRAFFICKING,2,7,2,10,4,4,2
INTERFERENCE WITH PUBLIC OFFICER,144,152,131,142,130,121,144
INTIMIDATION,42,34,33,30,34,26,26
KIDNAPPING,11,13,16,17,25,9,14
LIQUOR LAW VIOLATION,3,23,26,29,46,59,11
MOTOR VEHICLE THEFT,2507,2514,2523,2448,2696,2734,2760
NARCOTICS,1018,970,966,1024,942,792,789
NON-CRIMINAL,0,0,1,2,0,0,0
OBSCENITY,9,8,13,6,7,4,11
OFFENSE INVOLVING CHILDREN,217,210,225,258,247,187,199
OTHER NARCOTIC VIOLATION,1,0,1,2,0,0,2
OTHER OFFENSE,2298,2360,2427,2335,2275,2052,1930
PROSTITUTION,5,32,35,37,34,6,10
PUBLIC INDECENCY,4,1,2,2,6,0,5
PUBLIC PEACE VIOLATION,164,146,143,136,167,216,242
ROBBERY,623,644,636,654,664,817,804
SEX OFFENSE,228,192,216,202,188,182,179
STALKING,88,85,83,91,101,95,92
THEFT,7210,7243,7383,7311,7732,7353,6651
WEAPONS VIOLATION,672,638,586,627,751,872,815
