DATE_ONLY,CRIME_COUNT
2025-09-11,530
2025-09-12,656
2025-09-13,718
2025-09-14,675
2025-09-15,728
2025-09-16,656
2025-09-17,681
2025-09-18,720
2025-09-19,740
2025-09-20,715
2025-09-21,665
2025-09-22,686
2025-09-23,660
2025-09-24,656
2025-09-25,638
2025-09-26,702
2025-09-27,658
2025-09-28,663
2025-09-29,713
2025-09-30,680
2025-10-01,843
2025-10-02,697
2025-10-03,775
2025-10-04,778
2025-10-05,717
2025-10-06,681
2025-10-07,621
2025-10-08,641
2025-10-09,642
2025-10-10,657
2025-10-11,629
2025-10-12,644
2025-10-13,609
2025-10-14,676
2025-10-15,634
2025-10-16,685
2025-10-17,732
2025-10-18,664
2025-10-19,572
2025-10-20,696
2025-10-21,642
2025-10-22,670
2025-10-23,658
2025-10-24,733
2025-10-25,659
2025-10-26,716
2025-10-27,691
2025-10-28,688
2025-10-29,630
2025-10-30,657
2025-10-31,708
2025-11-01,751
2025-11-02,709
2025-11-03,690
2025-11-04,661
2025-11-05,645
2025-11-06,649
2025-11-07,625
2025-11-08,616
2025-11-09,530
2025-11-10,496
2025-11-11,540
2025-11-12,632
2025-11-13,603
2025-11-14,710
2025-11-15,728
2025-11-16,643
2025-11-17,682
2025-11-18,568
2025-11-19,622
2025-11-20,631
2025-11-21,707
2025-11-22,618
2025-11-23,661
2025-11-24,616
2025-11-25,626
2025-11-26,600
2025-11-27,468
2025-11-28,541
2025-11-29,451
2025-11-30,472
2025-12-01,597
2025-12-02,539
2025-12-03,485
2025-12-04,482
2025-12-05,605
2025-12-06,589
2025-12-07,543
2025-12-08,553
2025-12-09,526
2025-12-10,594
2025-12-11,597
2025-12-12,647
2025-12-13,572
2025-12-14,488
2025-12-15,599
2025-12-16,564
2025-12-17,616
2025-12-18,554
2025-12-19,596
2025-12-20,667
2025-12-21,583
2025-12-22,679
2025-12-23,617
2025-12-24,625
2025-12-25,472
2025-12-26,610
2025-12-27,533
2025-12-28,538
2025-12-29,485
2025-12-30,485
2025-12-31,549
2026-01-01,773
2026-01-02,522
2026-01-03,585
2026-01-04,551
2026-01-05,591
2026-01-06,614
2026-01-07,618
2026-01-08,577
2026-01-09,624
2026-01-10,544
2026-01-11,582
2026-01-12,555
2026-01-13,593
2026-01-14,523
2026-01-15,566
2026-01-16,556
2026-01-17,537
2026-01-18,514
2026-01-19,480
2026-01-20,540
2026-01-21,566
2026-01-22,504
2026-01-23,463
2026-01-24,504
2026-01-25,423
2026-01-26,487
2026-01-27,511
2026-01-28,506
2026-01-29,545
2026-01-30,503
2026-01-31,563
2026-02-01,647
2026-02-02,615
2026-02-03,555
2026-02-04,568
2026-02-05,558
2026-02-06,568
2026-02-07,599
2026-02-08,555
2026-02-09,571
2026-02-10,536
2026-02-11,599
2026-02-12,656
2026-02-13,600
2026-02-14,685
2026-02-15,642
2026-02-16,662
2026-02-17,603
2026-02-18,684
2026-02-19,648
2026-02-20,618
2026-02-21,561
2026-02-22,475
2026-02-23,493
2026-02-24,538
2026-02-25,548
2026-02-26,590
2026-02-27,608
2026-02-28,559
2026-03-01,621
2026-03-02,592
2026-03-03,566
2026-03-04,528
2026-03-05,586
2026-03-06,644
2026-03-07,607
2026-03-08,593
2026-03-09,676
2026-03-10,618
2026-03-11,526
2026-03-12,554
2026-03-13,668
2026-03-14,698
2026-03-15,561
2026-03-16,552
2026-03-17,566
2026-03-18,641
2026-03-19,656
2026-03-20,710
2026-03-21,698
2026-03-22,578
2026-03-23,553
2026-03-24,669
2026-03-25,654
2026-03-26,609
2026-03-27,658
2026-03-28,615
2026-03-29,616
2026-03-30,687
2026-03-31,665
2026-04-01,710
2026-04-02,666
2026-04-03,659
2026-04-04,632
2026-04-05,587
2026-04-06,607
2026-04-07,594
2026-04-08,627
2026-04-09,655
2026-04-10,660
2026-04-11,613
2026-04-12,653
2026-04-13,622
2026-04-14,626
2026-04-15,669
2026-04-16,657
2026-04-17,655
2026-04-18,589
2026-04-19,580
2026-04-20,592
2026-04-21,565
2026-04-22,634
2026-04-23,672
2026-04-24,708
2026-04-25,669
2026-04-26,638
2026-04-27,659
2026-04-28,651
2026-04-29,669
2026-04-30,614
2026-05-01,696
2026-05-02,663
2026-05-03,631
2026-05-04,682
2026-05-05,665
2026-05-06,689
2026-05-07,671
2026-05-08,731
2026-05-09,638
2026-05-10,674
2026-05-11,644
2026-05-12,620
2026-05-13,620
2026-05-14,563
2026-05-15,728
2026-05-16,742
2026-05-17,806
2026-05-18,728
2026-05-19,695
2026-05-20,671
2026-05-21,661
2026-05-22,707
2026-05-23,712
2026-05-24,708
2026-05-25,757
2026-05-26,712
2026-05-27,627
2026-05-28,673
2026-05-29,658
2026-05-30,680
2026-05-31,677
2026-06-01,725
2026-06-02,682
2026-06-03,675
2026-06-04,695
2026-06-05,685
2026-06-06,756
2026-06-07,710
2026-06-08,648
2026-06-09,692
2026-06-10,614
2026-06-11,542
2026-06-12,651
2026-06-13,778
2026-06-14,684
2026-06-15,699
2026-06-16,617
2026-06-17,557
2026-06-18,614
2026-06-19,679
2026-06-20,696
2026-06-21,611
2026-06-22,636
2026-06-23,599
2026-06-24,592
2026-06-25,691
2026-06-26,638
2026-06-27,701
2026-06-28,748
2026-06-29,741
2026-06-30,653
2026-07-01,760
2026-07-02,711
2026-07-03,702
2026-07-04,665
2026-07-05,750
2026-07-06,632
2026-07-07,686
2026-07-08,675
2026-07-09,614
2026-07-10,665
2026-07-11,688
2026-07-12,746
2026-07-13,643
2026-07-14,684
2026-07-15,680
2026-07-16,606
2026-07-17,689
2026-07-18,693
2026-07-19,688
2026-07-20,683
2026-07-21,718
2026-07-22,706
2026-07-23,675
2026-07-24,657
2026-07-25,652
2026-07-26,727
2026-07-27,670
2026-07-28,648
2026-07-29,672
2026-07-30,689
2026-07-31,722
2026-08-01,682
2026-08-02,738
2026-08-03,648
2026-08-04,637
2026-08-05,637
2026-08-06,615
2026-08-07,683
2026-08-08,755
2026-08-09,717
2026-08-10,635
2026-08-11,613
2026-08-12,635
2026-08-13,646
2026-08-14,605
2026-08-15,655
2026-08-16,694
2026-08-17,676
2026-08-18,656
2026-08-19,648
2026-08-20,685
2026-08-21,684
2026-08-22,658
2026-08-23,684
2026-08-24,653
2026-08-25,705
2026-08-26,665
2026-08-27,607
2026-08-28,704
2026-08-29,660
2026-08-30,680
2026-08-31,637
2026-09-01,655
2026-09-02,643
2026-09-03,622
2026-09-04,648
2026-09-05,658
2026-09-06,695
2026-09-07,659
2026-09-08,615
2026-09-09,648
