EPS_KM,MIN_SAMPLES,NUMBER_OF_CLUSTERS,NOISE_POINTS,NOISE_PERCENTAGE,LARGEST_CLUSTER,LARGEST_CLUSTER_PERCENTAGE,CLUSTERS_20_PLUS_POINTS
0.075,10,4997,53020,22.966100960747113,13698,5.93341476726356,1988
0.075,20,2121,108635,47.0562500541449,12241,5.302301808006515,2048
0.075,30,1192,139938,60.615432596096376,10432,4.518716809176045,1174
0.075,50,488,175509,76.02333861787561,8796,3.8100683525222863,484
0.1,10,2114,26690,11.561019136973604,18179,7.874401157401391,995
0.1,20,1375,67355,29.175438140534173,16840,7.2944009841377095,1293
0.1,30,987,100083,43.351872547236006,15715,6.807096880387417,962
0.1,50,578,143507,62.16137779279396,14775,6.399927229253841,573
0.125,10,456,5723,2.478970120678154,117348,50.8303661927905,216
0.125,20,557,20510,8.884095260371998,76937,33.32596962687666,487
0.125,30,592,41797,18.104755221734194,32554,14.101064705321795,567
0.125,50,497,86504,37.47000372516915,16404,7.105543571484263,487
0.15,10,246,3410,1.4770728833675528,213081,92.29799620552538,117
0.15,20,287,12469,5.401062106366574,178938,77.5086415261065,241
0.15,30,375,26560,11.504708440540236,136587,59.1639161057255,354
0.15,50,361,61598,26.68174060694268,28365,12.286560802557373,355
