CLUSTER,RECORD_COUNT,CENTER_LATITUDE,CENTER_LONGITUDE,TOP_CRIME_TYPE,TOP_CRIME_COUNT
6,16840,41.88827010438997,-87.62867680088598,THEFT,6699
10,8085,41.76239080221991,-87.57243715562622,BATTERY,1809
36,5185,41.884726390958726,-87.65183052695255,THEFT,1657
30,3675,41.86398115234966,-87.7158055426253,BATTERY,878
14,3225,41.945599245332716,-87.65098922971504,THEFT,1295
20,3045,41.879823598317245,-87.75227701739607,BATTERY,756
18,2925,41.898315505068375,-87.71927061108786,NARCOTICS,674
13,2604,41.75046501455184,-87.65655548478418,BATTERY,581
12,2585,41.77814595057292,-87.61086304375823,BATTERY,554
2,2534,41.74836394519179,-87.60556119652526,BATTERY,630
9,2459,41.96729477591867,-87.65556024160797,THEFT,764
17,2026,41.80512582116733,-87.6091188512458,THEFT,446
109,1649,41.90686150676167,-87.67251626791753,THEFT,559
66,1463,41.93360699660766,-87.64294397367395,THEFT,609
33,1341,41.87449739497017,-87.6993648574258,BATTERY,294
39,1307,41.879927543687074,-87.73419906095256,BATTERY,281
29,1219,41.909138787117314,-87.75642878475635,THEFT,290
22,1151,41.8765742687828,-87.72463227588793,BATTERY,244
243,1118,41.77791074058944,-87.70028949636851,BATTERY,243
110,1106,41.85767500372966,-87.6567266485443,THEFT,258
78,996,41.87906416322088,-87.68357152411045,BATTERY,186
98,984,41.866975367237806,-87.65885781869716,THEFT,228
74,947,41.80022356992503,-87.59085516652058,THEFT,308
177,884,42.01970053269457,-87.67204589896268,BATTERY,223
80,848,41.85427706950826,-87.62478928386675,THEFT,160
203,822,41.90258689294647,-87.69260610567153,THEFT,171
183,802,41.997237779048625,-87.68924935080051,BATTERY,181
47,799,41.920819051429284,-87.69404858345057,THEFT,316
198,790,41.65607673893924,-87.60202393902405,BATTERY,234
95,732,41.9092079249235,-87.65104337698907,THEFT,440
170,684,41.75809772912573,-87.61030889208772,BATTERY,151
52,621,41.79328914341063,-87.62139192713045,BATTERY,144
8,604,41.89578763424503,-87.74878187035264,BATTERY,157
168,597,41.96838058668677,-87.71813879047906,BATTERY,135
48,588,41.76686385810374,-87.66149606634353,THEFT,116
242,546,41.795153085617216,-87.58471661762088,CRIMINAL DAMAGE,130
239,541,41.765370418850274,-87.61374861859704,BATTERY,113
145,531,41.85407299010923,-87.7242192936723,BATTERY,119
189,524,41.99243180712595,-87.65845529854963,THEFT,175
51,521,41.830488098763915,-87.61711144934549,BATTERY,117
59,519,41.930241001427746,-87.70849457231022,THEFT,129
72,513,41.85280642839961,-87.63283902815205,THEFT,188
117,504,41.80895270513492,-87.66668412260516,THEFT,137
223,499,41.72195717620842,-87.62670012910219,BATTERY,102
57,494,41.86810518422065,-87.6402236956336,THEFT,223
45,491,41.76505323882689,-87.62605240081263,BATTERY,116
167,477,41.80862078157862,-87.62060203755556,BATTERY,103
71,477,41.735324822207545,-87.60465810324109,BATTERY,101
112,433,41.87006305207159,-87.68593356636259,THEFT,87
156,422,41.75059124307583,-87.62572089610902,BATTERY,94
327,418,41.803211790576555,-87.58592422265312,THEFT,155
99,414,41.88661838517391,-87.76448997586957,BATTERY,112
155,413,41.81625906486925,-87.62273246322033,THEFT,77
11,401,41.75738891658853,-87.63436281174813,BATTERY,101
192,391,42.001543699094626,-87.6608997867468,THEFT,131
65,388,41.91084659382732,-87.63582856161855,THEFT,132
63,386,41.98257838663213,-87.65756686584974,THEFT,121
268,380,41.78477934012632,-87.6210472646,BATTERY,95
204,375,41.77981631867467,-87.68568455123733,BATTERY,90
272,372,41.84414594554032,-87.7229118241344,BATTERY,94
378,358,41.803663319634076,-87.70384584984917,THEFT,334
196,350,41.85100871692,-87.70355826470286,BATTERY,80
104,344,41.93924393915116,-87.71103692369186,THEFT,246
294,343,41.9382789214723,-87.7255492424519,THEFT,73
376,339,41.9536568389941,-87.74580870056343,THEFT,263
193,328,41.78604633601219,-87.6979717901433,BATTERY,55
38,322,41.82493305810249,-87.61102027560248,MOTOR VEHICLE THEFT,65
23,322,41.83798116574845,-87.61863147315839,THEFT,68
368,319,42.00132605018182,-87.67066066541067,BATTERY,88
540,317,41.692570021097794,-87.62223747117666,BATTERY,44
234,315,41.75789547524127,-87.62380954540316,THEFT,71
27,315,41.88300767089206,-87.68020442967301,BATTERY,65
137,303,41.77445332108251,-87.64576382716501,BATTERY,59
506,302,41.79431727237086,-87.70365058799337,THEFT,178
21,300,41.79283007305333,-87.66257904635334,BATTERY,65
201,298,41.82783557347316,-87.62512982575839,BATTERY,58
147,293,41.73024105046075,-87.5512497477645,BATTERY,63
5,292,41.77979200722603,-87.6634793136096,BATTERY,57
290,290,41.89491030933103,-87.75697597108277,BATTERY,70
120,289,41.97631910750865,-87.90517322593772,THEFT,110
143,288,41.91016766372917,-87.7100240593368,BATTERY,60
1,287,41.872719557979096,-87.70509625280836,BATTERY,60
307,284,41.82162712516197,-87.60219503153874,BATTERY,52
146,284,41.88678343627465,-87.61884357122536,THEFT,75
76,283,41.88913240390459,-87.7509609475053,BATTERY,59
227,283,41.96803462209187,-87.6885441360954,THEFT,165
106,277,41.85054694462094,-87.64641701010109,BATTERY,82
64,276,41.75461278009783,-87.74152321610144,THEFT,214
261,276,41.8943485983913,-87.77007201776449,BATTERY,75
54,259,41.88096962742857,-87.66674512359845,THEFT,50
7,259,41.98639406121236,-87.65597343178378,BATTERY,60
324,256,41.735943005503906,-87.5457790152539,BATTERY,74
3,256,41.788924041585936,-87.74142512255469,THEFT,68
224,254,41.67974063672441,-87.62116266721652,BATTERY,44
159,251,41.69317566853785,-87.61243651673705,BATTERY,77
205,249,41.84443959893574,-87.70420789559438,THEFT,105
60,246,41.80942795943903,-87.59310686563008,THEFT,74
278,243,41.891285739320985,-87.76484356286831,BATTERY,60
502,239,41.721903517552306,-87.6627146776862,THEFT,70
176,239,41.79473124046862,-87.63177200727196,THEFT,48
100,238,41.929724485298316,-87.68424588604623,THEFT,200
284,235,41.89585745889362,-87.6876792949532,THEFT,182
116,235,42.01691963016596,-87.68220053257447,BATTERY,55
258,234,41.88173854592308,-87.71031388190599,BATTERY,62
165,232,41.895530257219825,-87.65310062512069,THEFT,59
412,230,41.73569366793478,-87.6482868725826,BATTERY,61
263,229,41.76882721107424,-87.6256975341965,BATTERY,74
194,229,41.73622121337118,-87.62833420445853,THEFT,78
68,227,41.86824441027753,-87.63044377596917,THEFT,173
276,223,41.87346033643498,-87.67601695886995,THEFT,54
28,222,41.77988447386487,-87.63367971509459,BATTERY,69
97,219,41.79405444694064,-87.64446825626483,BATTERY,58
228,214,41.97486057973364,-87.89037210895793,THEFT,106
604,213,41.91614452958216,-87.74776086207513,THEFT,45
158,212,41.82521270586321,-87.63274192228774,BATTERY,63
230,210,41.87387976986667,-87.76331453230476,BATTERY,62
467,210,41.97774012316666,-87.69248954506666,THEFT,69
560,210,42.00703123769048,-87.66624927039524,BATTERY,46
41,205,41.69596336105853,-87.59641222700489,THEFT,163
375,204,41.78532143564706,-87.61185727264217,BATTERY,43
132,203,41.94100886482759,-87.66897494918227,THEFT,131
220,202,41.845418686188125,-87.6940748574406,BATTERY,50
79,199,41.70308636295477,-87.62234854278391,BATTERY,35
598,196,41.771123895801026,-87.63681822615817,BATTERY,56
241,195,41.85119036127179,-87.73204237333846,BATTERY,55
400,195,41.90959152900513,-87.73538278770256,BATTERY,38
114,188,41.85934677701596,-87.72774269605851,NARCOTICS,34
210,186,41.80570622998387,-87.60522633488709,BATTERY,44
337,186,41.91816945578495,-87.72849625573117,BATTERY,42
49,184,41.95838650196196,-87.6527211888913,THEFT,66
391,183,41.93107965462841,-87.7895171896175,THEFT,125
130,182,41.9108065569011,-87.72627970793957,THEFT,61
118,180,41.91056854238333,-87.69590128418334,THEFT,38
77,179,41.980823958430165,-87.66850022310055,THEFT,85
125,179,41.76769440188268,-87.62025282444692,BATTERY,46
304,179,41.97530907960894,-87.659958574419,THEFT,94
252,172,41.83746865031977,-87.64614017909302,THEFT,36
214,171,41.73705171190643,-87.586443427731,THEFT,35
160,165,41.771839371260604,-87.65273574980606,BATTERY,37
436,165,41.77147717471515,-87.68443506796363,BATTERY,39
381,164,41.84205314304878,-87.61734643633537,THEFT,46
739,164,41.79385647512195,-87.67203533313415,BATTERY,46
340,163,41.94617016404295,-87.66380533838651,THEFT,83
215,161,41.88311110173913,-87.69644688457764,BATTERY,31
341,160,41.6922407032375,-87.60497438456875,ASSAULT,29
732,160,41.9047021704375,-87.7584948067875,BATTERY,37
15,160,41.96965455243125,-87.7626643502375,BATTERY,36
126,159,41.88028060347799,-87.77265072373585,BATTERY,47
283,159,41.72212983925786,-87.57743684444026,ASSAULT,41
256,158,41.7360719711962,-87.62424668568987,BATTERY,43
264,154,41.67763661888311,-87.64007416222728,BATTERY,27
141,154,41.86326104277922,-87.65179389905843,BATTERY,33
464,153,41.82332754198039,-87.6883965573987,THEFT,35
703,153,41.82500268098693,-87.61761959949673,THEFT,62
174,153,41.832149723601304,-87.61124156468628,THEFT,41
428,152,41.77962963286842,-87.6469389725921,THEFT,32
351,151,41.89704381589404,-87.67725380254967,THEFT,57
162,151,41.820469332715234,-87.61481296007946,MOTOR VEHICLE THEFT,32
149,150,41.779275624120004,-87.65405403362,CRIMINAL DAMAGE,30
419,147,41.77467461992517,-87.60151014089796,CRIMINAL DAMAGE,34
107,147,41.74592670035374,-87.55215615498639,BATTERY,26
380,145,41.866130378613796,-87.66655961327587,THEFT,56
24,143,41.76519687304196,-87.64301414951748,BATTERY,47
306,143,41.92510067216783,-87.66706725754545,THEFT,73
421,142,41.72809989422535,-87.63113832840845,BATTERY,34
411,142,41.87527771242958,-87.75507069228169,BATTERY,43
154,141,41.87728240820567,-87.76229000560993,BATTERY,39
128,138,41.81637775469566,-87.61800435712318,THEFT,30
187,134,41.97901960673134,-87.90646819858209,THEFT,50
131,133,41.845179560105265,-87.62741457364662,CRIMINAL DAMAGE,26
85,133,41.814898250488724,-87.70328308014285,THEFT,57
352,132,41.8899920463106,-87.71473236350758,BATTERY,28
218,130,41.885775858938466,-87.71138050846153,BATTERY,29
610,130,41.73691033303077,-87.55242122591538,BATTERY,30
586,130,41.75254676966923,-87.63453662378461,BATTERY,30
361,130,41.90027682183077,-87.73170014874616,BATTERY,31
319,129,41.931243908240305,-87.67688732603877,THEFT,110
121,127,41.91049361470078,-87.68775479937008,THEFT,52
481,127,41.7607261466063,-87.65627287532284,NARCOTICS,58
297,126,41.81261891176984,-87.72375695622222,THEFT,100
179,125,41.972524046152,-87.65089476346401,BATTERY,36
139,124,41.84577199825,-87.61863901841129,ASSAULT,22
648,123,42.016055644089434,-87.66473653888617,THEFT,27
62,122,41.85192937380328,-87.69460054678689,THEFT,36
329,122,41.9250921647541,-87.672711799,THEFT,96
103,120,41.946111752525,-87.76713860943333,BATTERY,35
32,120,41.893104677974996,-87.64075641870834,THEFT,36
542,120,41.938312949,-87.76716221485835,THEFT,25
434,119,41.818819117739494,-87.6061837840168,THEFT,20
219,119,41.78178014010924,-87.5924835560168,BATTERY,27
374,118,41.69977242475424,-87.62019560516103,BATTERY,22
309,118,41.833642357398304,-87.61652432081355,THEFT,38
371,118,41.69658739432204,-87.62223601048305,BATTERY,28
494,117,41.90483325890598,-87.71107926764957,BATTERY,26
310,117,41.9253021691282,-87.64838136596582,THEFT,33
357,117,41.960933082222226,-87.72821484992308,BATTERY,24
260,116,41.772855292500005,-87.67270645753449,BATTERY,24
169,116,41.87414671300862,-87.66833062134482,THEFT,32
34,115,41.707158843617385,-87.61942606476522,THEFT,39
245,115,42.0181581773913,-87.69044219305218,THEFT,31
75,114,41.976759168324556,-87.90098765022806,THEFT,30
274,114,41.90226644927193,-87.76642928696491,THEFT,24
82,114,41.86067413981579,-87.62566987358773,ASSAULT,19
585,113,41.68847362437168,-87.62081256288496,NARCOTICS,17
470,113,41.78648461104425,-87.66438716061947,ASSAULT,26
646,113,41.962038150964595,-87.64684361564602,THEFT,38
591,113,41.65371813473452,-87.61726429166372,CRIMINAL DAMAGE,20
566,110,41.898662504654546,-87.64280159475454,THEFT,30
683,110,41.78868994745455,-87.62243013087271,BATTERY,36
115,109,41.93092055363302,-87.69747865281651,THEFT,45
275,108,41.707156340944444,-87.61267512524074,CRIMINAL DAMAGE,18
508,108,41.99417137453703,-87.71353576946296,THEFT,89
449,108,41.765499212787034,-87.6365969340926,ASSAULT,21
632,108,41.8310163819537,-87.64597256375,THEFT,33
354,107,41.74570966688785,-87.65349004460748,CRIMINAL DAMAGE,21
342,107,41.673501171364485,-87.61730345873832,THEFT,21
552,106,41.978984194698114,-87.65994169931133,THEFT,55
623,106,41.68563555584905,-87.6195209789434,BATTERY,18
569,106,41.7664154599717,-87.60562753536793,BATTERY,27
108,106,41.72230989399056,-87.5843221640849,THEFT,41
750,106,41.744627609849054,-87.65874758921697,BATTERY,26
81,105,41.809024460038096,-87.64553460249525,THEFT,45
636,105,41.81688756748571,-87.63321897564762,BATTERY,25
764,105,41.81475447969523,-87.59888859448571,CRIMINAL DAMAGE,19
325,105,41.86317761692381,-87.70312227792381,BATTERY,29
247,105,41.70246685038095,-87.53618064439047,THEFT,40
262,104,41.70153963447115,-87.563945174875,BATTERY,27
148,104,41.806907899009616,-87.61761328117308,CRIMINAL DAMAGE,21
404,103,41.92281222393204,-87.64505618626214,THEFT,36
535,103,41.92852631780582,-87.6500731938932,THEFT,34
207,103,42.01236424650485,-87.66391516045631,THEFT,30
588,102,41.78101626094117,-87.62201566087255,BATTERY,40
25,102,41.90000847130393,-87.66278653611764,THEFT,22
293,101,41.931587579,-87.74273864043565,THEFT,52
111,101,41.93902502879208,-87.74662504792079,THEFT,25
175,100,41.99061515446,-87.68319093161999,THEFT,77
441,100,41.6805725096,-87.6621731416,THEFT,62
231,100,41.87403699945,-87.71079738595,BATTERY,24
885,99,41.81074863498989,-87.6227623540202,BATTERY,22
370,99,41.91897739037374,-87.63742350450505,THEFT,29
448,99,41.73967738810101,-87.60132413956565,BATTERY,30
43,98,41.684462271693874,-87.62778080809184,BATTERY,24
510,98,41.92490876717347,-87.68852962991836,THEFT,26
422,97,41.861374939505154,-87.69449483624743,BATTERY,33
647,97,41.919677227216496,-87.71660426829898,DECEPTIVE PRACTICE,19
757,97,41.794755093567005,-87.64931115197938,BATTERY,33
302,97,41.92191165113402,-87.64261757990721,THEFT,90
482,96,41.87077456301042,-87.7372701089375,BATTERY,16
450,95,41.76979331305263,-87.69064126818948,BATTERY,32
797,92,41.80825370558696,-87.68451589316304,THEFT,26
711,92,41.85149264545652,-87.71609910020652,BATTERY,22
788,92,41.94662538701087,-87.7153374006413,BURGLARY,24
372,92,41.8531883096087,-87.64224533905436,THEFT,31
397,92,41.83402122154348,-87.67441391773912,THEFT,72
589,92,41.924154287836956,-87.74656570777174,THEFT,45
356,92,41.961361340380435,-87.71509044019565,THEFT,28
280,91,41.801093455538464,-87.6845611353077,THEFT,37
624,91,41.88268048297802,-87.77256772513186,BATTERY,20
584,90,41.953729116266665,-87.72834480904444,THEFT,19
557,88,41.829653647204545,-87.60710034645454,BATTERY,22
416,88,41.975624906045454,-87.69811433971591,BATTERY,25
403,88,42.01022403251137,-87.66699185152272,THEFT,22
477,88,41.704027845375,-87.56526559029545,CRIMINAL DAMAGE,18
473,88,41.81752998863636,-87.61091635056817,BATTERY,21
157,88,41.809136867227274,-87.63253069679546,BATTERY,30
948,88,41.90313623765909,-87.69714567763637,BATTERY,19
16,87,41.95289444173563,-87.78754737610345,THEFT,53
61,87,41.95330132637931,-87.7686068699885,BATTERY,24
339,87,41.79057461581609,-87.61726942971265,BATTERY,21
714,87,41.98261140951725,-87.69407917628736,THEFT,20
40,87,41.79663518451724,-87.72325808834482,THEFT,20
546,87,41.74870249645977,-87.63391835529885,BATTERY,18
362,86,41.765120951918604,-87.68298905460465,BATTERY,17
710,86,41.882470670976744,-87.77006185745348,BATTERY,21
451,85,41.777890127811766,-87.63407480005883,BATTERY,28
626,85,41.83626028664706,-87.66573825895294,THEFT,30
222,85,41.96023550634118,-87.76823194172941,THEFT,35
152,85,41.683506240011766,-87.64632454297647,BATTERY,19
171,85,41.77865674884706,-87.7211054594,BATTERY,24
853,84,41.756154170047616,-87.66396475166667,THEFT,27
778,84,41.78226669708333,-87.58741226001192,BATTERY,37
761,84,41.946693030642855,-87.70197972157142,THEFT,64
618,84,42.01497119341667,-87.67158191165476,BATTERY,28
26,83,41.94236194531325,-87.64059384753011,THEFT,29
593,83,41.97000196168675,-87.70509567025302,CRIMINAL DAMAGE,13
350,83,41.93581327178313,-87.74684801454217,BATTERY,17
46,83,41.86353758614458,-87.6263023677229,BATTERY,19
495,82,41.7198789272561,-87.64311986407317,BATTERY,21
288,82,41.83030451406098,-87.67465821985365,THEFT,37
267,82,41.68437988228049,-87.64228583808536,THEFT,22
298,82,41.791188560743905,-87.57985674241463,THEFT,19
645,81,41.89229151674074,-87.7171650452716,BATTERY,20
572,81,41.84710087723457,-87.711973450321,BATTERY,17
418,81,41.76105296245679,-87.6312244077037,BATTERY,29
613,80,42.0167126063875,-87.6752812923375,THEFT,44
553,80,41.924808978499996,-87.718267607825,THEFT,22
323,79,41.894011028278484,-87.70215620792405,THEFT,32
1021,79,42.008347076860765,-87.67395150662026,BATTERY,16
181,78,41.76064614552564,-87.62798649035898,BATTERY,22
295,78,41.71456055311538,-87.64294401908974,BATTERY,16
93,78,41.867853713500004,-87.63248773616667,THEFT,42
759,78,41.748143732371794,-87.65136723524358,CRIMINAL DAMAGE,16
390,78,41.72182749952564,-87.53769393288462,BATTERY,19
135,78,41.884292372089746,-87.67189181388461,BATTERY,22
425,78,41.91955772752564,-87.7691457852436,BATTERY,26
621,78,41.7755979698718,-87.64093964265385,BATTERY,33
386,77,41.8459632511948,-87.70535091225975,BATTERY,26
364,77,41.94648999351948,-87.70892400775325,THEFT,27
687,77,41.76035403625974,-87.6640402354935,THEFT,25
677,77,41.82061712376623,-87.62789958966233,BATTERY,17
712,77,41.78420432584416,-87.64646364487012,BATTERY,22
790,77,41.799169433233764,-87.74328400424675,PROSTITUTION,19
191,77,41.75026673888311,-87.68293969950649,BATTERY,17
389,76,41.94439943810526,-87.74741244118421,THEFT,14
438,76,41.868180939,-87.709271389,NARCOTICS,68
1083,76,41.67011315125,-87.6370894368421,BATTERY,21
244,76,41.84471418368421,-87.62247213236843,MOTOR VEHICLE THEFT,17
679,76,41.886337099552634,-87.70703500792105,CRIMINAL DAMAGE,14
257,76,41.70776090430263,-87.58069194693421,MOTOR VEHICLE THEFT,34
248,76,41.814557151421056,-87.60682593381578,THEFT,21
962,76,41.76346789267105,-87.60000572673684,BATTERY,28
233,76,41.87805789828947,-87.65860949780263,THEFT,16
782,76,41.807788786,-87.72290831860526,THEFT,50
87,75,41.784113157200004,-87.69899128177333,BATTERY,17
523,75,41.79991434132,-87.72353875861333,BATTERY,22
89,75,41.83811104248,-87.60834149252,THEFT,21
792,75,41.91739324025333,-87.70571280630666,THEFT,48
445,75,41.994918636213335,-87.88193940156,DECEPTIVE PRACTICE,35
478,74,41.76273948935135,-87.65146417768919,CRIMINAL DAMAGE,17
627,74,41.87164674377027,-87.71386083072973,BATTERY,16
631,74,41.817940227364865,-87.72394951660812,THEFT,59
281,73,41.85240541075343,-87.68578965142466,BATTERY,14
582,73,41.65142707564384,-87.52725212178083,BATTERY,23
377,73,41.8393014849726,-87.64619288968493,THEFT,25
606,72,41.77030134191667,-87.62826723313889,BATTERY,31
562,72,41.931263641236114,-87.76714935141666,BATTERY,20
287,72,41.70643886594444,-87.64278210720833,BATTERY,14
640,72,41.91744962345834,-87.72023562486112,BATTERY,18
300,72,41.92635929522223,-87.78555003369443,THEFT,50
1080,71,41.78687446187324,-87.64881552464789,THEFT,13
417,71,41.90159989878873,-87.70741140873238,THEFT,18
221,71,41.88511621170422,-87.72616637364789,BATTERY,18
737,70,41.78998032521429,-87.65385513245714,NARCOTICS,14
719,70,41.89117903621428,-87.72246992722857,BATTERY,19
729,70,41.884372816485715,-87.61926293025715,THEFT,34
537,70,41.78351954528571,-87.59276632201428,BATTERY,33
161,70,41.964142539499996,-87.70861729048572,BATTERY,18
338,70,41.74625526042857,-87.65810143987143,THEFT,13
839,70,41.91701079971429,-87.6979766547857,THEFT,23
865,70,41.97537018517143,-87.74406646034285,THEFT,55
939,70,41.89892787144286,-87.77040459314286,BATTERY,15
437,70,41.74284115888572,-87.65430513201429,BATTERY,18
580,70,41.920576186214284,-87.67086774442858,THEFT,51
144,69,41.790754583,-87.739927261,CRIMINAL DAMAGE,68
756,69,41.93170023697101,-87.65351652357971,BATTERY,22
426,69,41.86449133097101,-87.63915791897101,THEFT,29
651,69,41.92369534055073,-87.7862129017971,BURGLARY,19
291,69,41.872652185159424,-87.67964884598551,OTHER OFFENSE,38
551,68,41.85199284029412,-87.68897466705883,THEFT,40
828,68,41.68490936783824,-87.6513450250147,BATTERY,17
96,68,41.702660361250004,-87.52684467701471,THEFT,20
727,68,41.81437586323529,-87.60436442751471,BATTERY,16
746,68,41.93157631063235,-87.73855950272059,BATTERY,18
612,68,41.872287665132355,-87.66345180389706,MOTOR VEHICLE THEFT,16
250,67,41.787129117373134,-87.64438352043284,BATTERY,18
270,66,41.768331676060605,-87.64825534487879,BATTERY,12
1096,66,41.91551114918182,-87.72634776704545,THEFT,15
491,66,41.86342688571212,-87.64610909531818,THEFT,20
408,66,41.96756015434848,-87.7675824424697,THEFT,29
286,66,41.91428074321212,-87.71373754863636,OTHER OFFENSE,17
420,66,41.7641837685,-87.59592819357576,BATTERY,18
485,65,41.72164995856923,-87.615718626,BATTERY,10
424,65,41.7720790132,-87.66431989878461,BATTERY,19
816,65,41.95422288641539,-87.70784128203077,THEFT,14
836,65,41.88355440706154,-87.7071718216,BATTERY,18
972,65,41.70613736778461,-87.66947920521538,BATTERY,21
402,65,41.92440894253846,-87.72594737373846,THEFT,26
911,65,41.69960994473846,-87.62770654310769,BATTERY,13
601,64,41.7675493378125,-87.63035812510937,BATTERY,14
873,64,41.974410881187495,-87.76662649964064,THEFT,14
265,64,41.770658562875,-87.622183044,ASSAULT,13
101,64,41.89041545823437,-87.719345994,NARCOTICS,15
608,64,41.73368172245313,-87.55368793535938,BATTERY,19
406,64,41.7647612729375,-87.5904011654375,BATTERY,13
113,64,41.864857244609375,-87.69287333489062,BATTERY,18
69,64,41.872398881625,-87.70179342810937,BATTERY,17
658,64,41.92470959107813,-87.71178735776563,THEFT,19
818,63,41.88203844326984,-87.7289975424762,NARCOTICS,17
1001,63,41.881348623,-87.674525788,BATTERY,19
776,63,41.766394291126986,-87.64964200107936,THEFT,14
479,63,41.88060311907936,-87.76834804166666,BATTERY,19
150,63,41.777418311031745,-87.6501853102857,BATTERY,17
151,63,41.88616824279365,-87.71535602128571,BATTERY,12
902,63,41.81540886082539,-87.66737225311111,BATTERY,17
56,62,41.918771710129036,-87.76568024354839,OTHER OFFENSE,11
493,62,41.91263216180645,-87.7058086842258,THEFT,14
779,62,41.77528114109677,-87.6666282598871,BATTERY,11
499,62,41.74765753304839,-87.5624771777258,BATTERY,14
414,62,41.80727450853225,-87.70401130891935,THEFT,14
358,62,41.89609939209678,-87.69706706637096,THEFT,20
279,61,41.84111549163934,-87.62682920337706,BATTERY,15
269,61,41.88298160877049,-87.72140748165573,BATTERY,11
622,61,41.76509357934427,-87.67403110347541,BATTERY,13
629,61,41.92434059603279,-87.76607251770493,THEFT,19
617,61,41.692505736245906,-87.64229393286885,THEFT,12
802,61,41.76306402759017,-87.62985565890165,BATTERY,17
815,61,41.749961948065575,-87.67320239106559,ASSAULT,11
775,61,41.97223702606558,-87.72753362986886,BATTERY,13
453,61,41.74969648478689,-87.55451817840984,BATTERY,18
556,61,41.91462904265574,-87.63504926427869,THEFT,21
336,61,41.735931184491804,-87.66309116862296,CRIMINAL DAMAGE,12
701,61,41.93974150936066,-87.65868477570493,THEFT,27
942,60,41.82020527101667,-87.69869240441668,BATTERY,14
664,60,41.69119156893333,-87.66950679166666,BATTERY,15
692,60,41.8553408724,-87.70437339458334,CRIMINAL DAMAGE,14
91,60,41.772336740683336,-87.69859596525,BATTERY,25
527,60,41.977799155583334,-87.84646853723332,BATTERY,18
899,60,41.762787917749996,-87.64615027126666,BATTERY,12
127,60,41.76782376553333,-87.68627769883332,BATTERY,10
519,60,41.964260540683334,-87.66092417621667,THEFT,18
124,60,41.96511226451666,-87.72263023118333,BATTERY,12
235,59,41.83101489118644,-87.63072196462711,BATTERY,26
322,59,41.96547435230508,-87.66747483171187,THEFT,38
920,59,41.97059745855932,-87.71544253615254,BATTERY,17
331,59,41.863215519372886,-87.6148082769322,BATTERY,23
765,58,41.994644545448274,-87.69562561710346,CRIMINAL DAMAGE,15
188,58,41.68393708560345,-87.72180077256897,BATTERY,14
635,58,42.014486569,-87.67896090589656,BATTERY,24
217,58,41.875561288948276,-87.66751106213793,BATTERY,20
180,58,41.96906276787931,-87.67458846425862,THEFT,32
507,58,41.736425770568964,-87.61416061144827,THEFT,17
545,57,41.870161682807016,-87.7088587554386,BATTERY,15
497,57,41.922828440964906,-87.68306945087718,THEFT,13
1125,57,41.939246644403504,-87.7024962892807,BATTERY,10
769,57,41.87940324785965,-87.67213123505263,BATTERY,15
513,57,41.87381607914035,-87.69949356470175,BATTERY,17
172,57,41.854076625684215,-87.69563608942104,BATTERY,14
842,57,41.71985019119299,-87.567190148,BATTERY,13
277,57,41.75563098468421,-87.64166801194736,BATTERY,14
348,57,41.87240153654386,-87.70897686356139,BATTERY,15
611,57,41.72786216763158,-87.58499741461402,THEFT,14
763,57,41.89803675480702,-87.70247015408772,BATTERY,12
875,56,41.77934836746429,-87.59643644258928,THEFT,14
870,56,41.70231293735714,-87.66915641571428,BATTERY,15
834,56,41.961175683892854,-87.7088938393393,BATTERY,11
924,56,41.72995473903571,-87.65731726194643,BATTERY,14
896,56,41.960337460839284,-87.74788449733929,THEFT,10
1020,56,41.895667295892856,-87.729404162625,ASSAULT,15
570,56,41.85553625701785,-87.69784457669643,BATTERY,21
688,56,41.77904612755357,-87.70878654903571,BATTERY,13
811,56,41.74962101705357,-87.5503204641607,CRIMINAL DAMAGE,24
665,56,41.692887674375,-87.66158453989286,BATTERY,13
0,56,41.78591491814286,-87.72330051475,BATTERY,10
439,56,41.796210338499996,-87.68408851548214,THEFT,26
53,56,41.98680004301786,-87.66022586275001,BATTERY,15
360,56,41.777328404732145,-87.64079709223215,BATTERY,14
249,55,41.756746593927275,-87.59071989838182,BATTERY,17
259,55,41.77270483316364,-87.62085081554545,CRIMINAL DAMAGE,15
571,55,41.74825689754546,-87.74121887507273,THEFT,31
206,55,41.925336066436365,-87.67829444561819,THEFT,27
489,55,41.808073521090904,-87.6887929097091,BATTERY,13
433,55,41.68110074449091,-87.63456734849092,BATTERY,10
639,54,41.922659465925925,-87.70313360164813,MOTOR VEHICLE THEFT,10
366,54,41.76424916422223,-87.68890539929629,BATTERY,16
856,54,41.769731859518515,-87.68351795766667,BATTERY,10
709,54,41.735353547888884,-87.66742892518518,BATTERY,11
317,54,41.80351733872222,-87.60375870896296,CRIMINAL DAMAGE,12
932,54,41.90240380494444,-87.77391500092592,BATTERY,12
991,53,41.77815770096227,-87.7408620194151,BATTERY,12
595,53,41.82352214615094,-87.63788613907548,DECEPTIVE PRACTICE,20
657,53,41.69306147971698,-87.62772452401887,BATTERY,12
740,53,41.77890478518868,-87.67405655713208,BATTERY,14
891,53,41.90690325503774,-87.6816620061132,BATTERY,14
600,53,41.88611994579245,-87.7698171121698,ASSAULT,11
346,53,41.6754493795283,-87.64138592373585,BATTERY,19
923,53,41.841398141037736,-87.62908266820754,BATTERY,9
951,53,41.77459597683019,-87.59312365784906,BATTERY,13
878,53,41.851229376603776,-87.61896403784905,THEFT,26
320,52,41.726162010134615,-87.5674085363077,BATTERY,15
847,52,41.87190288238462,-87.73354720638461,BATTERY,13
459,52,41.87418713586539,-87.73836254463461,BATTERY,10
684,52,41.82337643221154,-87.62076054136539,BATTERY,13
136,52,41.705677785615386,-87.60094492736539,BATTERY,21
311,52,41.90079498078846,-87.75253832503846,BATTERY,17
480,52,41.79766228571154,-87.62313390265385,OTHER OFFENSE,9
633,52,41.77676403884615,-87.68351714128845,THEFT,31
787,52,41.93549941394231,-87.72161999169231,BATTERY,15
1150,51,41.934761888764704,-87.71730052152941,THEFT,8
573,51,41.721742033156865,-87.59525540011764,THEFT,11
1108,51,41.98161158898039,-87.80644216788235,THEFT,13
512,51,41.809456583803914,-87.59650514843138,THEFT,15
884,51,41.778595808568625,-87.71127495688235,BATTERY,10
895,51,41.85265102,-87.71051071303923,NARCOTICS,10
726,51,41.7732326737647,-87.6919339757647,BATTERY,12
989,51,41.91426779941177,-87.65427127113726,THEFT,31
166,50,41.86596741282,-87.73528554908,THEFT,14
725,50,41.84253398414,-87.62340974836,THEFT,14
548,50,41.80085276504,-87.66891315155999,BATTERY,14
328,50,41.86623460748,-87.77306591102,BATTERY,16
944,50,41.75307371386,-87.73048601832001,BATTERY,13
521,50,41.68176274358,-87.62717153538,CRIMINAL DAMAGE,14
534,50,41.918294560140005,-87.64942661106001,THEFT,18
660,50,41.830890036999996,-87.635503335,THEFT,12
724,49,41.90218128491836,-87.75562283636735,BATTERY,14
808,49,41.71020062926531,-87.62759587816326,BATTERY,15
702,49,41.88649175065306,-87.72178606544898,ASSAULT,8
667,49,41.86239640416327,-87.6391406032449,BATTERY,19
119,49,41.77783699730612,-87.60011576030611,THEFT,14
661,49,41.891255579367346,-87.68589257855102,THEFT,10
474,49,41.81916183338775,-87.69446262657142,BATTERY,22
347,49,41.78483942932653,-87.61897270242856,BATTERY,17
315,49,41.85273259385715,-87.70132918877552,BATTERY,16
199,49,41.691944327040815,-87.6347321149796,THEFT,9
671,48,41.774958359125,-87.69276611881251,BATTERY,15
669,48,41.83612347589583,-87.612992147875,CRIMINAL DAMAGE,12
1102,48,41.713119502666665,-87.62867371558333,THEFT,11
744,48,41.7436985614375,-87.614409003,BATTERY,14
305,48,41.9889668888125,-87.66895668172917,BATTERY,25
1062,48,41.81081278054167,-87.68454715389583,THEFT,23
314,48,41.96159779310417,-87.6929036813125,BATTERY,19
209,48,41.79066047020833,-87.6250091893125,NARCOTICS,13
1128,48,41.76818922083333,-87.644887163125,BATTERY,15
442,48,41.7729993345625,-87.6249203378125,BATTERY,15
178,48,41.929249790375,-87.6535654315,THEFT,17
92,48,41.876706055187505,-87.75122728722916,BATTERY,11
906,48,41.87496868016667,-87.71734214372917,ASSAULT,9
1019,48,41.74627625379167,-87.63536273506249,THEFT,22
666,47,41.76462936902128,-87.6930404577234,MOTOR VEHICLE THEFT,9
596,47,41.755930853531915,-87.65740148051063,BATTERY,11
696,47,41.92542104093617,-87.65234029731914,BATTERY,15
550,47,41.90269944644681,-87.75168808221277,BATTERY,13
86,47,41.78693844597873,-87.61637616989361,BATTERY,15
1105,47,41.84682910312766,-87.62352300770213,BATTERY,25
185,47,41.700019013468086,-87.64252397904255,THEFT,11
1027,47,41.810165016659575,-87.67076663823404,BATTERY,16
392,47,41.81249092538298,-87.61282461531916,MOTOR VEHICLE THEFT,11
316,46,41.915556505,-87.7209361995,BATTERY,17
704,46,41.739171634,-87.63810270013043,BATTERY,15
823,46,41.898089113086954,-87.68236499115217,THEFT,17
415,46,41.93468344806522,-87.63670733884783,BATTERY,14
1201,46,41.99300179545652,-87.67833887617391,THEFT,12
398,46,41.83684806469565,-87.73003362654347,BATTERY,14
837,46,41.931701797,-87.72745552167392,THEFT,13
579,46,41.784342984478265,-87.58788604515217,BATTERY,9
974,46,41.810848057,-87.60156959934783,MOTOR VEHICLE THEFT,11
698,46,41.80532948421739,-87.68415481471739,BATTERY,15
754,46,41.99042765821739,-87.70472120158695,THEFT,19
1037,46,41.78642810421739,-87.65539199736956,BATTERY,9
777,46,41.78552090330435,-87.73863239906521,ASSAULT,12
980,46,41.75933538006522,-87.63377179654348,BATTERY,15
925,46,41.88391617228261,-87.7289593175,BATTERY,7
748,46,41.81352020019565,-87.66986005878262,CRIMINAL DAMAGE,12
576,45,41.759123139244444,-87.65415088482222,BATTERY,11
123,45,41.9333898958,-87.67911341086666,THEFT,11
84,45,41.83820072275555,-87.63251327768889,THEFT,8
1120,45,41.89757240033334,-87.73640677311111,MOTOR VEHICLE THEFT,9
129,45,41.849386223,-87.71085192671111,BATTERY,10
1068,45,41.873097563466665,-87.65912831988888,THEFT,13
751,45,41.97444798473333,-87.81082097984444,THEFT,27
394,45,41.733890004888885,-87.56073142244445,ASSAULT,17
237,45,41.74588083348889,-87.59723410653334,ASSAULT,13
211,45,41.85091523397777,-87.63842270293334,THEFT,14
410,45,41.67828104531111,-87.68073545922222,THEFT,27
713,45,41.84519556046667,-87.63389747773333,BURGLARY,15
915,44,41.78112641220454,-87.64843712165909,ASSAULT,13
349,44,41.81241709109091,-87.61794103588636,CRIMINAL DAMAGE,8
850,44,41.90524195854545,-87.68718039231818,THEFT,10
396,44,42.01284038027273,-87.6738632596591,BATTERY,18
105,44,41.978150405045454,-87.90390197929545,BATTERY,17
810,44,41.868936656181816,-87.77151943277273,CRIMINAL DAMAGE,8
620,44,41.92391401379546,-87.77819903118183,THEFT,10
1060,44,41.926203452613635,-87.764665073,BATTERY,12
982,44,41.98863244329545,-87.81283261802274,BATTERY,16
965,44,41.76093056265909,-87.64367988045454,BATTERY,10
299,43,41.91800783753488,-87.67800222688372,CRIMINAL DAMAGE,10
530,43,41.94524038490698,-87.7126704585814,THEFT,29
296,43,41.87575709611628,-87.71381815281396,NARCOTICS,12
359,43,41.99254576060465,-87.78261543190698,ASSAULT,8
930,43,41.852196353186045,-87.67446736502326,THEFT,18
981,43,41.918574518395346,-87.787975773,CRIMINAL DAMAGE,10
313,43,41.75500511618605,-87.7303096449535,BATTERY,19
164,43,41.77767459634884,-87.77109790511628,THEFT,9
344,43,41.92445406990698,-87.73248341974418,BATTERY,11
266,43,42.01180783869768,-87.68998014790698,OTHER OFFENSE,9
603,43,41.811553673511625,-87.67017572111628,BATTERY,11
544,43,41.863299695348836,-87.62199474197675,THEFT,12
668,43,41.801727732418605,-87.63069841174418,BATTERY,11
708,43,41.9564797105814,-87.65075707132559,THEFT,12
918,42,41.920825219190476,-87.68698499461905,THEFT,14
518,42,41.921729331523814,-87.66488307752381,THEFT,15
970,42,41.768340356500005,-87.67421850757144,BATTERY,9
333,42,41.835994848666665,-87.62055687661905,ASSAULT,10
382,42,41.776864507238095,-87.67118038299999,NARCOTICS,11
195,42,41.90582940492857,-87.66756054488094,THEFT,23
785,42,41.829269478095235,-87.67948910466667,THEFT,14
1252,42,41.964959670642855,-87.63921749966667,BURGLARY,21
558,42,41.91040324342857,-87.65862585440476,BURGLARY,20
791,42,41.84784909180952,-87.7246317062143,BATTERY,11
1269,42,41.87360489066667,-87.757735828,THEFT,11
686,42,41.903872046785715,-87.74909591488095,DECEPTIVE PRACTICE,10
538,42,41.7918527152619,-87.63345261795239,BATTERY,14
852,42,41.69043321438095,-87.6265590052381,BATTERY,13
1078,41,41.797956305585366,-87.61729147721951,BATTERY,11
673,41,41.773485591609756,-87.66014940017074,BATTERY,10
50,41,41.85613274102439,-87.65927173921952,THEFT,8
846,41,41.732574690073164,-87.5852749925122,MOTOR VEHICLE THEFT,9
997,41,41.70883629412195,-87.60936329585365,BATTERY,14
752,41,41.86917121058537,-87.67082964856098,BATTERY,10
993,41,41.90972988763414,-87.72921465292683,BATTERY,17
736,41,41.85442655490244,-87.67646189502439,BATTERY,10
1104,41,41.931100215219516,-87.75732262356098,THEFT,9
950,41,41.830472177121955,-87.6404355862439,BATTERY,8
559,41,41.73222541056097,-87.66103718068292,BATTERY,7
405,41,41.79295918214634,-87.73343249580488,MOTOR VEHICLE THEFT,9
486,41,41.75121275187805,-87.57712852317074,BATTERY,14
490,41,41.926045129195124,-87.63703102197562,BURGLARY,17
517,41,41.9553875024878,-87.67945830400001,THEFT,14
539,41,41.82734890504878,-87.68236498607317,BATTERY,8
435,41,41.81453901382927,-87.7239408504878,THEFT,19
700,40,41.891244084625,-87.66677455365,THEFT,10
536,40,41.960102839225,-87.70827857665,THEFT,20
869,40,41.875800404475,-87.75133972500001,CRIMINAL DAMAGE,10
42,40,41.969238271175,-87.69422930605,OTHER OFFENSE,12
877,40,41.942110329274996,-87.688112926775,THEFT,12
773,40,42.0022618156,-87.680758255175,THEFT,11
827,40,41.870090253825,-87.7234213132,BATTERY,11
872,40,41.80513058135,-87.618797525225,BATTERY,12
90,40,41.875473149125,-87.728632142075,BATTERY,7
625,40,41.992604190275,-87.695627684975,BATTERY,10
387,40,41.80102450595,-87.6550889962,ASSAULT,10
723,40,41.75544575175,-87.65954934300001,CRIMINAL DAMAGE,10
851,40,41.98686970835,-87.6655477772,THEFT,11
801,40,41.689997391275,-87.62349186645,BATTERY,10
255,39,41.75605729541025,-87.65491571905129,BATTERY,14
976,39,41.79750682094872,-87.63296604551283,OTHER OFFENSE,8
767,39,41.93570499348718,-87.66853610125642,THEFT,16
768,39,41.834543761717946,-87.64646193353846,BATTERY,8
731,39,41.807101267,-87.586402447,THEFT,10
186,39,41.91737410474359,-87.71032666225642,THEFT,13
469,39,41.73152915346154,-87.65805723271795,CRIMINAL DAMAGE,10
515,39,41.899251556820516,-87.66757145925642,BATTERY,18
561,39,41.730112677025645,-87.65122126017948,ASSAULT,10
282,39,41.96197085574359,-87.66623448848718,BATTERY,13
238,39,41.82069865064102,-87.6886377261282,BATTERY,10
854,39,41.76440826723077,-87.65234565535897,BATTERY,9
656,39,41.783157364512824,-87.62309646805127,BATTERY,9
487,39,41.88404125002564,-87.67482581102564,BATTERY,10
496,39,41.77299348876923,-87.68344684253846,ASSAULT,7
946,39,41.81637698238461,-87.61375145651283,CRIMINAL DAMAGE,14
335,39,42.00825927851282,-87.66159566215386,BATTERY,12
427,39,41.98732616158975,-87.70232819020512,BATTERY,10
430,39,41.67755748789744,-87.62653729482051,BATTERY,8
413,39,41.72128662582052,-87.65559030825641,BATTERY,17
1132,39,41.93183495838462,-87.68711393889743,THEFT,13
492,39,41.89044786638462,-87.66190986171794,THEFT,13
807,39,41.899945119179485,-87.671596798,BURGLARY,12
806,39,41.97324556974359,-87.84632211925641,CRIMINAL DAMAGE,10
718,38,41.803305067052634,-87.65899061136842,BATTERY,12
525,38,41.81422004428947,-87.61916046171052,THEFT,8
1122,38,41.71332809376316,-87.53742504365789,MOTOR VEHICLE THEFT,8
563,38,41.69522510571053,-87.64246777042105,BATTERY,19
1067,38,41.835908781447365,-87.65108066692106,THEFT,12
841,38,41.77063499713158,-87.61772563828947,BATTERY,9
73,38,41.78344888544736,-87.5947110461579,BATTERY,13
1190,38,41.8368286705,-87.72455391742105,BATTERY,11
988,38,41.97561896536842,-87.72887948360527,THEFT,11
910,38,41.77201599407895,-87.62850274265789,BATTERY,13
889,38,41.92536321684211,-87.66287871021052,THEFT,9
526,38,41.73685936902631,-87.57284417284211,BATTERY,16
583,38,41.85977577407895,-87.70306626426316,BATTERY,22
565,38,41.78874667060526,-87.60518880668421,THEFT,8
289,38,41.73924492847369,-87.64701966802632,CRIMINAL DAMAGE,9
650,38,41.834678647605266,-87.61374653178946,THEFT,15
882,38,41.92546039060526,-87.65875546299999,MOTOR VEHICLE THEFT,9
634,38,41.896292329736845,-87.68508555121052,THEFT,7
592,38,41.70708457855263,-87.62875386707896,CRIMINAL TRESPASS,7
575,38,41.729280589842105,-87.55454551110526,BATTERY,9
577,38,41.931083854973686,-87.761391562,CRIMINAL DAMAGE,9
44,37,41.752391288675675,-87.60026539967568,BATTERY,13
1036,37,41.79009232840541,-87.64795276902703,OTHER OFFENSE,10
694,37,41.99289679297297,-87.6891987091081,THEFT,12
609,37,41.74935898294595,-87.72104920829729,BATTERY,15
706,37,41.86025568694595,-87.73301165205406,BATTERY,10
31,37,41.989328381918924,-87.66532145043243,BATTERY,10
541,37,41.8165466374054,-87.60166490091892,BATTERY,11
772,37,41.86347377608108,-87.73280603251351,BATTERY,10
879,37,41.91707341089189,-87.71422178637837,ASSAULT,7
1283,37,41.91131018594594,-87.6265017561892,BATTERY,11
1015,37,41.88411828656756,-87.69985799599999,THEFT,10
745,37,41.99250513637838,-87.68173828951352,BATTERY,8
94,37,42.006789983054055,-87.67099624935135,BATTERY,12
440,37,41.954693432945945,-87.66919348954053,BATTERY,17
825,36,41.72117676558334,-87.65885927177777,CRIMINAL DAMAGE,6
985,36,41.78199738391666,-87.6003855253611,THEFT,12
226,36,41.70622395,-87.68177195216667,THEFT,14
520,36,41.946348492194446,-87.73586828905555,BATTERY,16
1052,36,41.90143876730556,-87.73433772433333,ASSAULT,13
821,36,41.940957866666665,-87.75471301308333,BATTERY,15
514,36,41.91091719438889,-87.66218208522223,BURGLARY,14
1061,36,41.92377506141666,-87.80348389275,BATTERY,9
1007,36,41.74029033094445,-87.55513023441667,BATTERY,12
733,36,41.82223865133333,-87.61644034183333,MOTOR VEHICLE THEFT,8
597,36,41.67931142194445,-87.63041723475,BATTERY,8
70,36,41.953827427305555,-87.71304883830555,BATTERY,9
363,36,41.82483520108334,-87.62309300444446,MOTOR VEHICLE THEFT,12
564,36,41.922189997749996,-87.65308388958334,THEFT,19
1164,36,41.779032220000005,-87.66973556466667,BATTERY,6
1039,35,41.93535158222857,-87.65447000511428,THEFT,11
1099,35,41.75194229985714,-87.61965234414286,CRIMINAL DAMAGE,7
1186,35,41.78726706334286,-87.62979148914285,ASSAULT,5
742,35,41.753579131914286,-87.66217944411429,ASSAULT,8
722,35,41.7624399642,-87.60633536254285,BATTERY,12
173,35,41.80614871862857,-87.6646532702,BATTERY,8
999,35,41.928096829999994,-87.78558700822857,THEFT,14
1047,35,41.76467513485714,-87.72207197397142,THEFT,14
1259,35,41.9496173846,-87.71292534754285,THEFT,9
730,35,41.95999794214286,-87.75360512794285,BATTERY,12
903,35,41.99423534177143,-87.67054879948572,BATTERY,9
643,35,41.84088001551429,-87.63494813017142,CRIMINAL DAMAGE,8
616,35,41.675248574971434,-87.63619706431429,BATTERY,12
682,35,41.93251085691429,-87.70242044682857,THEFT,11
881,35,41.77514345082857,-87.63756015834285,BATTERY,13
83,35,41.83871156917143,-87.65211507334286,THEFT,15
505,35,41.84618893722857,-87.6852904654,BATTERY,12
863,35,41.921265758457146,-87.67901558574286,CRIMINAL DAMAGE,9
826,35,41.938880168314284,-87.74292609034285,THEFT,20
594,35,41.7782484058,-87.58658986851428,BATTERY,11
1009,34,41.79373843264706,-87.6815326835,BATTERY,6
659,34,41.93065289120588,-87.7858112402647,BATTERY,7
55,34,41.88202901208824,-87.743531073,BATTERY,7
1195,34,41.86633255005882,-87.61155607135295,BATTERY,8
1012,34,41.976244510088236,-87.68984099526472,THEFT,10
705,34,41.784371725029416,-87.66278802170588,BATTERY,15
978,34,41.74200559835294,-87.73657964185294,OTHER OFFENSE,11
953,34,41.85541789358824,-87.71758725494118,THEFT,8
758,34,41.69759340658823,-87.59533044105882,THEFT,24
522,34,41.975275991911765,-87.6685411592647,DECEPTIVE PRACTICE,14
1181,34,41.857905505235294,-87.62222743179413,THEFT,16
138,34,41.85258632802942,-87.66653429238235,BATTERY,8
303,34,41.740758422617645,-87.63870041217648,OTHER OFFENSE,7
455,34,41.98287878,-87.791440835,BATTERY,20
401,34,41.80928018470588,-87.59880120300001,CRIMINAL DAMAGE,8
1160,34,41.79943375347059,-87.64908863652943,OTHER OFFENSE,15
615,34,41.912646894382355,-87.71903420617647,BURGLARY,18
1022,34,41.99084039788235,-87.69860938067646,BATTERY,6
830,34,41.92363637188235,-87.78993846814706,THEFT,11
835,33,41.69146384415152,-87.67216032409091,BATTERY,8
880,33,41.71370444287879,-87.6611036809697,BATTERY,10
809,33,41.75938092851515,-87.6432027279394,BATTERY,5
644,33,41.75866031818181,-87.74168220257576,BURGLARY,7
969,33,41.7610444710303,-87.6529759,BATTERY,10
794,33,41.84367635966667,-87.62042705412122,CRIMINAL DAMAGE,14
67,33,41.970166124636364,-87.64606146190908,BURGLARY,11
771,33,41.77612963815151,-87.59708279763638,CRIMINAL DAMAGE,6
1119,33,41.97643130272728,-87.8419208249394,BATTERY,7
998,33,41.735424490999996,-87.65893507075756,THEFT,13
866,33,41.73540845430303,-87.65622244854545,BATTERY,7
1115,33,41.71229773821212,-87.62485904215151,CRIMINAL DAMAGE,9
1345,33,41.92977317087878,-87.68793216290909,BATTERY,8
909,33,41.711630027,-87.64297435730303,BATTERY,8
1031,33,41.76580775187879,-87.58864119221212,BATTERY,6
285,33,41.75296203727273,-87.576526407,BATTERY,7
929,33,41.75044882115151,-87.59575564769698,BATTERY,7
1072,33,41.85036290860606,-87.68366010833334,BATTERY,7
466,33,41.94384291724243,-87.66868608621212,THEFT,8
528,33,41.92102236848484,-87.63623040436363,THEFT,9
543,33,41.88185621078788,-87.72425064418182,BATTERY,7
857,33,41.77231918654545,-87.64087638003029,CRIMINAL DAMAGE,6
904,33,41.86216711536363,-87.66626493027273,THEFT,9
229,33,41.73852585718181,-87.5499024009697,BATTERY,10
463,32,41.68094439428125,-87.53730456334375,THEFT,23
840,32,41.8081596428125,-87.70836448709375,MOTOR VEHICLE THEFT,9
332,32,41.7736150378125,-87.66647826575,BATTERY,13
37,32,41.707522417375,-87.60164786559375,BATTERY,10
444,32,41.74402640721875,-87.562647836625,CRIMINAL DAMAGE,9
1008,32,41.736968106937496,-87.609262948875,BATTERY,12
1169,32,41.9210509681875,-87.77764805553124,BATTERY,5
720,32,41.87489576071875,-87.7511872223125,THEFT,7
868,32,41.77701346915625,-87.6652321805625,THEFT,8
369,32,41.90022096496875,-87.69009590775,THEFT,11
716,32,41.8168434746875,-87.694210195,CRIMINAL DAMAGE,7
812,32,41.85371464534375,-87.7192578036875,CRIMINAL DAMAGE,7
232,32,41.747685765,-87.59658590815624,ASSAULT,9
431,32,41.6548826075,-87.54560353340625,CRIMINAL DAMAGE,8
907,32,41.9834992866875,-87.71269750759375,BATTERY,5
960,32,41.9981489375625,-87.67655891084375,BATTERY,12
829,32,41.74402428975,-87.58553220871876,BATTERY,8
373,32,41.95457572596875,-87.6645069434375,THEFT,12
707,32,41.97522668665625,-87.65862323600001,THEFT,15
1076,32,41.89069272303125,-87.70661593634375,BATTERY,8
446,32,41.803252916625,-87.72219333546876,BATTERY,13
1025,32,41.7178922789375,-87.56959835971875,MOTOR VEHICLE THEFT,6
971,32,41.9909140935625,-87.672130514625,THEFT,6
676,32,41.975773105,-87.705103499,BATTERY,11
122,32,41.84954620834375,-87.70624523496875,BATTERY,8
753,32,41.8132752525,-87.63384060315624,BATTERY,6
663,32,41.858338445499996,-87.7055808426875,BATTERY,6
662,32,41.89723545321875,-87.75677498753124,CRIMINAL DAMAGE,7
1234,32,41.97859060721875,-87.65798974793749,THEFT,13
859,32,42.011299271,-87.69372215384375,THEFT,12
216,32,41.72570125853125,-87.58611689084375,BATTERY,9
1003,32,41.99657183475,-87.70713361028125,CRIMINAL DAMAGE,8
992,32,41.71006121321875,-87.64173142565625,BATTERY,14
848,32,41.81523752146875,-87.69263339609375,ASSAULT,8
133,32,41.7624076894375,-87.676410873125,BATTERY,13
429,32,41.7472862970625,-87.58567288465625,BATTERY,6
102,31,41.740918989,-87.631967753,THEFT,18
886,31,41.75106429348387,-87.59264622435484,BATTERY,7
554,31,41.93939003312903,-87.717362822,BATTERY,5
874,31,41.70802367364516,-87.56910995329032,OFFENSE INVOLVING CHILDREN,7
957,31,41.9540293396129,-87.68862569306451,THEFT,10
983,31,41.95265879970968,-87.67760137367742,THEFT,10
820,31,41.822702531903225,-87.66579528932257,BATTERY,12
163,31,41.87841132780645,-87.66487871409677,THEFT,13
858,31,41.7627943136129,-87.64008371177418,BATTERY,10
1111,31,41.91150229335484,-87.77659563129033,BATTERY,9
509,31,41.96550750629032,-87.73641505687097,THEFT,13
922,31,41.77638118116129,-87.57044176590321,WEAPONS VIOLATION,15
1045,31,41.72176082022581,-87.62068311003225,BATTERY,10
1073,31,41.762798993612904,-87.64261006135483,BATTERY,10
578,31,41.77859498351613,-87.61729267016129,BATTERY,11
738,31,41.85815109796774,-87.67682576251613,BATTERY,8
476,31,41.90645081132258,-87.65981807654838,THEFT,12
516,31,41.96523743670968,-87.7181727576129,BATTERY,8
330,31,41.77794368164516,-87.5929608587742,MOTOR VEHICLE THEFT,11
805,31,41.79352324519355,-87.6537647106129,BATTERY,6
1135,30,41.86582347433333,-87.67667919486667,ASSAULT,6
952,30,41.99640466286667,-87.78705896646667,BATTERY,7
555,30,41.84613536116667,-87.6988141084,BATTERY,7
1017,30,41.74930341,-87.57195824546667,ASSAULT,6
208,30,41.90896371116666,-87.69264787659999,BATTERY,7
547,30,41.76669679723333,-87.64100614563334,BATTERY,12
35,30,41.8697596253,-87.77425218683332,BATTERY,22
251,30,41.81970789566667,-87.62340110806667,MOTOR VEHICLE THEFT,8
1069,30,41.75350476333333,-87.64287566963334,ASSAULT,12
986,30,41.781061266466665,-87.65316707506666,BATTERY,6
213,30,41.74853820976667,-87.64170443243333,BATTERY,12
743,30,41.99244645456667,-87.70088323136666,THEFT,8
1335,30,41.80285505556667,-87.6639347697,BATTERY,6
672,30,41.89179357856666,-87.67538783126666,THEFT,8
781,30,41.7713004841,-87.6934080273,ASSAULT,8
567,30,41.8285875818,-87.62170974366667,MOTOR VEHICLE THEFT,7
1094,30,41.887757947266664,-87.7737193422,CRIMINAL DAMAGE,8
484,30,41.77989313343333,-87.64154274413333,ASSAULT,7
783,30,41.8037250038,-87.59072286973333,CRIMINAL DAMAGE,5
784,30,41.90730096466667,-87.68986395556666,CRIMINAL DAMAGE,6
936,30,41.72773527603333,-87.66282387689999,BATTERY,10
867,29,41.74913508486207,-87.5878884591724,MOTOR VEHICLE THEFT,5
460,29,41.78012532593104,-87.58629470862068,BATTERY,11
458,29,41.86521224672414,-87.64065492665517,THEFT,12
1334,29,41.852644556689654,-87.67089943124138,THEFT,9
871,29,41.792227487999995,-87.60495928393102,BATTERY,11
457,29,41.76140983162069,-87.62023457189656,BATTERY,5
471,29,41.70755607010345,-87.55987381610345,ASSAULT,8
447,29,41.89501506337931,-87.67523925137931,THEFT,8
452,29,41.92638467179311,-87.63395700331033,CRIMINAL DAMAGE,10
849,29,41.90635958662069,-87.74633900731035,BURGLARY,9
511,29,41.959702900103444,-87.73110703589656,CRIMINAL DAMAGE,7
318,29,41.77716509734483,-87.66152362506897,ASSAULT,6
581,29,41.883121539310345,-87.69230729793102,THEFT,11
652,29,41.717516167517246,-87.66287133700001,CRIMINAL DAMAGE,12
568,29,41.990653270034485,-87.6926876963793,CRIMINAL DAMAGE,7
1089,29,41.908647626655174,-87.72696432227586,BATTERY,6
1087,29,41.86177673737931,-87.73088181910344,CRIMINAL DAMAGE,6
1086,29,41.91662796906896,-87.78554483482759,BURGLARY,10
1070,29,41.858668106034486,-87.62395073206896,MOTOR VEHICLE THEFT,10
225,29,41.91705269703448,-87.6355741945862,BURGLARY,8
1215,29,41.76346194131035,-87.63705777686206,BATTERY,10
1222,29,41.79782921755173,-87.6752242032069,ASSAULT,9
766,29,41.960400592655176,-87.77860298213793,OTHER OFFENSE,7
190,29,41.731350993206895,-87.66294528562068,ASSAULT,7
388,29,41.993242306896555,-87.65693097217242,THEFT,10
1006,29,41.691855608,-87.67780605224138,THEFT,7
140,29,42.00508859796552,-87.6904926490345,OTHER OFFENSE,8
803,29,41.6805594327931,-87.5400698382069,THEFT,20
695,28,41.91172311385714,-87.73556946707143,BATTERY,10
236,28,41.947122630321424,-87.68778028664285,BATTERY,9
898,28,41.76480547682143,-87.64861795092858,BATTERY,7
900,28,41.67199419764285,-87.64211373367857,OTHER OFFENSE,8
1284,28,41.88538744639286,-87.75685327857143,BATTERY,6
926,28,41.851123462321425,-87.67163357617858,BATTERY,9
721,28,41.78232113685714,-87.63608756625,BATTERY,5
984,28,41.99683831267857,-87.65697780896429,THEFT,7
240,28,41.97851705157143,-87.83658949585715,CRIMINAL DAMAGE,10
384,28,41.80213267692857,-87.61367330764287,BATTERY,8
488,28,41.92412985882142,-87.76821645592858,BATTERY,6
912,28,41.689400001464286,-87.66833125789286,BATTERY,8
691,28,41.928239585750006,-87.67292913874999,THEFT,8
1018,28,41.97074521939286,-87.66772448725,THEFT,9
468,28,41.784193975214286,-87.68919805392856,BATTERY,12
917,28,41.77557071685714,-87.65407517660715,BATTERY,8
685,28,41.76318701757143,-87.65574161346429,CRIMINAL DAMAGE,6
1178,28,41.782709979071434,-87.65533405596429,BATTERY,7
1091,28,41.954221078392855,-87.69900737757143,THEFT,8
1053,28,41.84944816139286,-87.71383705992857,BATTERY,7
1057,28,41.7426451165,-87.64805764410714,BATTERY,6
804,28,41.91720556075,-87.75646688771428,THEFT,8
892,28,41.97561876764286,-87.70749504842857,BATTERY,6
860,28,41.80129534507143,-87.60021479807143,CRIMINAL DAMAGE,6
423,28,41.946073929892854,-87.7276896275,BURGLARY,6
1103,28,41.914611362821425,-87.73003009046428,BATTERY,7
1240,28,41.802920026464285,-87.67521180078572,BATTERY,10
456,28,41.84743595332143,-87.70387267564286,BATTERY,9
529,28,41.77909843307143,-87.67685648342857,BATTERY,10
524,28,41.843942707392856,-87.62692152324999,BATTERY,9
1142,27,41.968336714555555,-87.73553941137037,THEFT,6
655,27,41.92831872503704,-87.68220444344445,THEFT,19
675,27,41.884517898629625,-87.77366784185186,BATTERY,9
1141,27,41.83742119866666,-87.65455274333333,CRIMINAL DAMAGE,7
334,27,41.69265473255555,-87.60011574259259,DECEPTIVE PRACTICE,6
678,27,41.74273908959259,-87.63202014522223,THEFT,15
1092,27,41.89144473388889,-87.68262627614814,CRIMINAL DAMAGE,6
674,27,41.77560229807408,-87.6332716631111,BATTERY,9
1113,27,41.82148396244444,-87.61876638474075,MOTOR VEHICLE THEFT,8
301,27,41.898340117185185,-87.6747149494074,THEFT,7
273,27,41.89147665759259,-87.68033592881483,CRIMINAL DAMAGE,6
353,27,41.984622486,-87.836582104,THEFT,8
973,27,41.770154449185185,-87.64981089114815,BATTERY,6
934,27,41.9934505317037,-87.65549174625927,ASSAULT,7
1340,27,41.909220762518515,-87.66594161655556,THEFT,12
798,27,41.78548046251852,-87.58659818451852,THEFT,7
822,27,41.68571824825926,-87.67890180003704,BATTERY,20
893,27,41.919415217481486,-87.78292463407408,CRIMINAL DAMAGE,5
153,27,41.871987516296294,-87.69455532637038,THEFT,6
184,27,41.84085079003704,-87.64969840125926,CRIMINAL TRESPASS,8
760,27,41.81230354285185,-87.74328291518519,BATTERY,10
1239,27,41.891366778851854,-87.75717470685186,BATTERY,7
888,27,41.72033189696296,-87.57408075766668,THEFT,11
253,27,41.936442624407405,-87.68344043811112,BURGLARY,5
504,27,41.79290166,-87.751396529,DECEPTIVE PRACTICE,17
890,27,41.92792697240741,-87.73656931811111,BATTERY,8
1131,27,41.94751006185185,-87.6743306544074,BURGLARY,6
142,27,41.895908192851856,-87.69020461577777,THEFT,9
897,27,41.95605695329629,-87.70779525492593,ASSAULT,6
1322,27,41.72097268444445,-87.64929693551852,BATTERY,6
699,27,41.77757019911111,-87.63177874455556,BATTERY,9
1005,27,42.01150850729629,-87.6747151907037,BATTERY,8
385,27,41.78935134633333,-87.70342945203704,ASSAULT,4
1116,26,41.87732400357692,-87.71580477857694,BATTERY,11
1023,26,41.67766181269231,-87.6528636691923,THEFT,10
1293,26,41.96148583392308,-87.72055320334616,BATTERY,7
1046,26,41.879507652346156,-87.69417410853846,BATTERY,6
955,26,41.95605347092308,-87.72215967788462,THEFT,9
1303,26,41.702600844230766,-87.63490122034615,BATTERY,7
956,26,41.80285955857692,-87.65303844515384,BATTERY,7
1066,26,41.749341943999994,-87.56851715446153,THEFT,6
1161,26,41.98911840992308,-87.70582765557691,BATTERY,6
1266,26,41.68268979246154,-87.63784700834616,OTHER OFFENSE,9
1227,26,41.88658334903846,-87.69967372307693,CRIMINAL DAMAGE,6
1098,26,41.96793422096154,-87.7537272026923,THEFT,6
1299,26,41.68965773534615,-87.65830530042308,BATTERY,9
914,26,41.924350758500005,-87.76107354115385,ASSAULT,6
864,26,41.87828500234615,-87.76656773942308,BATTERY,10
749,26,41.938529015,-87.80700696611538,THEFT,11
443,26,41.689756992999996,-87.66269296830768,THEFT,11
887,26,41.75617270242307,-87.61769647288462,BATTERY,6
813,26,41.94672444180769,-87.69150767923078,THEFT,14
465,26,41.88620777392308,-87.77475705823078,THEFT,8
587,26,41.814555659115385,-87.613514731,CRIMINAL DAMAGE,9
689,26,41.81147933442308,-87.66854147188461,BATTERY,7
58,26,41.97961372642308,-87.6805316785,BATTERY,12
483,26,41.76155076076923,-87.61034104500001,BATTERY,9
770,26,41.69204177799999,-87.665923635,BATTERY,15
407,26,41.703772410846156,-87.53646552569231,ASSAULT,6
321,26,41.88148848246154,-87.62077072753846,CRIMINAL DAMAGE,7
1093,25,41.92427092596,-87.63777605147999,THEFT,8
855,25,41.80154412796,-87.74292875784,THEFT,5
462,25,41.88463281628,-87.73156467372,BATTERY,8
1277,25,41.704940501,-87.63699630184001,CRIMINAL DAMAGE,7
838,25,41.90929511236,-87.68122542432,BATTERY,8
833,25,41.832318890079996,-87.62179290348,BATTERY,7
697,25,41.91251057704,-87.76573621392,BATTERY,8
472,25,41.745067089840006,-87.58920018712,CRIMINAL DAMAGE,6
1274,25,41.74845769964,-87.63758132804,BATTERY,6
741,25,41.68279874196,-87.6688028686,OTHER OFFENSE,10
735,25,41.92905141515999,-87.67441002032001,THEFT,11
1279,25,41.758817611080005,-87.57027793632,DECEPTIVE PRACTICE,7
817,25,41.69928267424,-87.61479327692001,DECEPTIVE PRACTICE,5
814,25,41.76115976748,-87.63456189088,BATTERY,5
800,25,41.783981357,-87.68380326852001,BATTERY,8
799,25,41.93131353512,-87.77489972252,BATTERY,6
1064,25,41.976192798439996,-87.87642768847999,THEFT,10
1026,25,41.69929829736,-87.667903749,CRIMINAL DAMAGE,8
1028,25,41.73666585632,-87.54445297071999,CRIMINAL DAMAGE,7
1056,25,41.72222749732,-87.55105141452,BATTERY,7
1050,25,41.70742909072,-87.66887214799999,THEFT,8
1048,25,41.917614141799994,-87.73601439592,BATTERY,5
1291,25,41.90669602408,-87.72082084556,THEFT,5
819,25,41.960069001440004,-87.63761629439999,THEFT,14
1344,25,41.708560243840004,-87.56484469824,BATTERY,5
1127,25,41.806161099840004,-87.67008359383999,BATTERY,11
531,25,42.001838183560004,-87.6900491442,BATTERY,6
1194,25,41.68863392232001,-87.5375371654,BATTERY,9
1172,25,41.90162969696,-87.77080495872,BATTERY,5
1167,25,41.790708474720006,-87.6051221692,BATTERY,6
941,25,41.76208009924,-87.59768817844001,THEFT,6
343,25,41.92116400204,-87.73422989528001,BATTERY,7
1146,25,41.95374904236,-87.73657693084,BURGLARY,9
1212,25,41.78893260964,-87.61727875092,CRIMINAL DAMAGE,8
395,25,41.735021593359996,-87.55219990564,CRIMINAL DAMAGE,8
605,25,41.9199188228,-87.67607103172,BURGLARY,7
921,25,41.86148517304,-87.66206777392,THEFT,8
919,25,41.747094069759996,-87.58878248152,DECEPTIVE PRACTICE,6
780,25,41.87823309708,-87.71421376728,BATTERY,7
1112,25,41.847901180440005,-87.69627191731999,BATTERY,6
649,25,41.940137381519996,-87.76473647,BATTERY,9
292,25,41.97832562472,-87.68931050528,BATTERY,10
638,25,41.80529914368,-87.62412157119999,ASSAULT,5
1245,25,41.84026503128,-87.71168484768,BATTERY,5
641,24,41.969401963375,-87.70049971479166,BATTERY,11
590,24,41.81516985025,-87.68525840920834,BATTERY,10
1063,24,41.70544666725,-87.62883333820832,BATTERY,8
947,24,41.86559913925,-87.76554763441668,THEFT,6
1166,24,41.79092401683334,-87.59042947083333,THEFT,13
1273,24,41.77853848341667,-87.72831126216666,ASSAULT,5
1065,24,41.914269234500004,-87.71908975270833,THEFT,8
202,24,41.70738210525,-87.605892693,BATTERY,11
383,24,41.710138575083334,-87.62552578433333,BATTERY,9
498,24,41.694078824875,-87.61860547004166,BATTERY,10
653,24,41.790543931708335,-87.78011046004167,BATTERY,16
379,24,41.98080418095834,-87.65999075804166,BATTERY,8
1059,24,41.920774582374996,-87.77501539079167,BATTERY,10
1247,24,41.691500979000004,-87.7010817925,THEFT,10
345,24,41.71667396383334,-87.62271204083333,CRIMINAL DAMAGE,20
1205,24,41.90872606866667,-87.71861188733334,THEFT,5
1253,24,41.690010417375,-87.649837538375,BATTERY,6
1255,24,41.748785109208335,-87.617308051375,MOTOR VEHICLE THEFT,8
1137,24,41.993383912000006,-87.65831669475,THEFT,9
1249,24,41.89208151079166,-87.74418761775,MOTOR VEHICLE THEFT,8
1126,24,41.86759023091666,-87.68021344524999,BATTERY,12
680,24,41.92239328716666,-87.78427700191666,THEFT,6
1075,24,41.801779032125,-87.70380754808333,THEFT,6
1077,24,41.722743877999996,-87.643893355625,CRIMINAL DAMAGE,7
1230,24,41.677477003,-87.630906201875,THEFT,5
1263,24,41.782190508666666,-87.69097715170834,BATTERY,7
1233,24,41.917969864916664,-87.67338761345833,THEFT,6
1118,24,41.89150172454166,-87.67282963775,CRIMINAL DAMAGE,7
1101,24,41.722265143875,-87.60506610604166,BATTERY,5
1184,24,41.74036263745833,-87.54513271120834,CRIMINAL DAMAGE,7
1016,24,41.72975451191667,-87.662720449,BATTERY,5
1321,24,41.685257328666665,-87.65698650395832,BATTERY,5
977,24,41.953196290499996,-87.66138614604166,DECEPTIVE PRACTICE,5
1337,24,41.77826241458333,-87.65695238137499,BATTERY,10
937,24,41.84963450825,-87.69121509029166,ASSAULT,7
901,24,41.705937710625,-87.72008190025001,THEFT,16
1014,24,41.88221704191667,-87.67763901316665,ASSAULT,7
940,24,41.93143323995833,-87.75493283033335,THEFT,15
945,24,41.96658378516667,-87.693323334125,CRIMINAL DAMAGE,6
670,23,41.772345393130436,-87.61856728604349,DECEPTIVE PRACTICE,10
681,23,41.86376622204348,-87.61890573604347,BATTERY,7
1210,23,41.76001446878261,-87.59298538213044,BATTERY,6
1336,23,41.96208394617391,-87.63505229056521,THEFT,5
844,23,41.87732418313043,-87.71180100808695,BATTERY,9
503,23,41.975368706478264,-87.74585855165218,CRIMINAL DAMAGE,6
1358,23,41.848933936130436,-87.62622070691305,THEFT,8
1270,23,41.782183091347825,-87.69893462052174,BATTERY,10
832,23,41.95764541343478,-87.74779745334783,DECEPTIVE PRACTICE,7
271,23,41.875454480869564,-87.73121212991305,BATTERY,6
19,23,42.018770525391304,-87.69352346960869,THEFT,7
861,23,41.72692115695652,-87.60307603282608,BATTERY,5
1153,23,41.876349604999994,-87.76041610269566,OTHER OFFENSE,8
994,23,41.72811998747826,-87.65702524813044,CRIMINAL DAMAGE,6
1346,23,41.9235863906087,-87.69388866839131,THEFT,11
990,23,41.7325624882174,-87.58097263052174,BATTERY,5
935,23,41.758436366086954,-87.59231734356521,BATTERY,4
1356,23,41.743982009347825,-87.55974960647826,BATTERY,7
642,23,41.80608368304348,-87.65639313839131,BATTERY,9
1223,23,41.78969895434783,-87.66673074313044,BATTERY,6
1133,23,41.72086180526087,-87.68066183465217,BATTERY,7
326,23,41.955111314826084,-87.75176558773913,OTHER OFFENSE,5
1301,23,41.864089276869564,-87.7062965043913,CRIMINAL DAMAGE,6
308,23,41.773655861173914,-87.62833954386956,OTHER OFFENSE,9
975,23,41.95596949873913,-87.72913819313044,BATTERY,4
1152,23,41.92082661995652,-87.74296521630434,CRIMINAL DAMAGE,6
1232,23,41.7806423873913,-87.68788840208695,BATTERY,7
549,23,41.763153236608694,-87.60910434973913,BATTERY,6
1320,23,41.900644298434784,-87.77497353791304,CRIMINAL DAMAGE,7
1034,23,41.793402547999996,-87.67617399404348,ASSAULT,9
1287,23,41.8431844783913,-87.63978170734782,BATTERY,6
959,23,41.968534977695654,-87.67915018643478,THEFT,6
1325,23,41.96721244369565,-87.77805405169565,CRIMINAL DAMAGE,8
1315,23,41.721129525130436,-87.64007218295652,BATTERY,6
1029,23,41.761063176565216,-87.63334411108696,BATTERY,8
786,23,41.923858270521734,-87.79628552886956,BATTERY,11
963,23,41.89345241104348,-87.76368878686957,BATTERY,7
793,23,41.75458841465217,-87.57601782121739,OTHER OFFENSE,6
795,23,41.93130387291304,-87.7824154887826,BURGLARY,5
762,23,41.70390566326087,-87.6689337602174,BATTERY,8
365,23,41.6921237263913,-87.6502025847826,OTHER OFFENSE,8
734,23,42.00393600808696,-87.66702764486956,THEFT,7
1159,23,41.80151793491304,-87.72618367413044,CRIMINAL TRESPASS,8
1043,23,41.7454677866087,-87.58556307434783,BURGLARY,7
1177,23,41.96848614643478,-87.69841966795653,THEFT,5
1191,22,41.868113876954546,-87.72351476749999,NARCOTICS,9
1189,22,41.90402767531818,-87.66244494295455,THEFT,7
1226,22,41.8075770955,-87.7310408184091,BATTERY,9
1129,22,41.91998170336364,-87.6627139334091,THEFT,10
1224,22,42.00557014054545,-87.65888558836365,THEFT,6
928,22,41.97569353690909,-87.7138285069091,THEFT,5
927,22,41.9126561345,-87.70187885736364,CRIMINAL DAMAGE,8
954,22,41.72659502581818,-87.60609776677273,ASSAULT,7
1179,22,41.93930849640909,-87.66145292877273,THEFT,11
1204,22,41.89796682795455,-87.70487326186364,BATTERY,7
1220,22,41.840186251000006,-87.7138124595,BATTERY,5
1369,22,41.91761589754546,-87.70234469231819,THEFT,7
355,22,41.85685552777273,-87.684225103,THEFT,6
1197,22,41.84887916313637,-87.73356811186363,BATTERY,11
1139,22,41.777196300545455,-87.76225839731818,BATTERY,8
1198,22,41.6858889335,-87.66490755881819,BATTERY,7
1216,22,41.848525367363635,-87.6400063255,DECEPTIVE PRACTICE,5
393,22,41.78263467627273,-87.6619019594091,BATTERY,9
968,22,41.717078183000005,-87.53413926409091,BATTERY,5
1148,22,41.88636193418182,-87.69687940531819,ASSAULT,5
1151,22,41.951534772181816,-87.64418465809091,BATTERY,7
1202,22,41.85662008722727,-87.69431336522727,CRIMINAL DAMAGE,5
619,22,41.690277946181816,-87.61834950009091,BATTERY,9
1157,22,41.801537811772725,-87.64493505454546,BATTERY,9
1155,22,41.76411783468182,-87.70317830640909,BATTERY,5
182,22,41.91172832068182,-87.77271995445454,THEFT,5
908,22,41.69748282440909,-87.63416554813635,BATTERY,8
979,22,41.972033734727276,-87.66956588477272,BATTERY,7
461,22,41.85579800427273,-87.67941182759091,THEFT,9
1051,22,41.72130794609091,-87.65165073572727,BATTERY,8
409,22,41.91635841104546,-87.70209370854546,THEFT,9
1002,22,41.75655717459091,-87.66701169113637,BURGLARY,5
1085,22,41.824785461909094,-87.70463986436363,ASSAULT,5
500,22,41.72102547309091,-87.6717232300909,BATTERY,7
1267,22,41.93288898963636,-87.668583884,THEFT,10
1054,22,41.92778612963636,-87.6400694559091,THEFT,7
501,22,41.81263436786364,-87.60836770927273,CRIMINAL DAMAGE,8
1331,22,41.994505621363636,-87.6906149939091,THEFT,6
246,22,41.85640723536363,-87.70538626154546,BATTERY,5
1328,22,41.94304009731818,-87.67913764977273,ASSAULT,4
1324,22,41.74662262004545,-87.64656122931818,BATTERY,3
1278,22,41.913346109045456,-87.75631456518182,THEFT,8
728,22,41.736661690090905,-87.55699088195455,BATTERY,6
1281,22,41.91309041259091,-87.67018180118181,THEFT,5
1000,22,41.77016509786363,-87.64171408045455,BATTERY,6
747,22,41.86526605440909,-87.7325252055909,BATTERY,10
1305,22,41.88597278331818,-87.77288391563637,ASSAULT,5
1302,22,41.913302836227274,-87.76105291431819,BATTERY,5
1117,22,41.88633795281818,-87.70443587709092,THEFT,5
1042,22,41.97530479177273,-87.65350998449999,THEFT,13
1236,22,41.74232152990909,-87.554865249,BATTERY,4
454,22,41.93283341968182,-87.6813424534091,BATTERY,9
1241,22,41.96820743631818,-87.73238440990909,BURGLARY,4
1243,22,41.808313777227276,-87.6553741303182,BATTERY,7
1109,22,42.00796453527273,-87.67072379909091,ASSAULT,4
1352,22,41.899237392636365,-87.69247948345455,CRIMINAL DAMAGE,4
1106,22,41.91763304859091,-87.75939037768183,BATTERY,10
88,22,41.77498517477273,-87.66418373277273,BATTERY,6
987,22,41.86721022836363,-87.61943983372727,THEFT,7
475,22,41.839847760999994,-87.72318987468182,BATTERY,8
894,22,41.965231664045454,-87.75836200618181,BATTERY,8
1196,21,41.74010933209524,-87.58226958757143,CRIMINAL DAMAGE,5
1309,21,41.74457848985714,-87.54348674890477,ASSAULT,6
1282,21,41.9143520972381,-87.76424130738094,BATTERY,5
1366,21,41.937062531809524,-87.69377667742857,BURGLARY,5
367,21,41.683980489238095,-87.61488123566667,ASSAULT,4
1300,21,41.84223713914285,-87.70651910071429,BATTERY,7
1318,21,41.78407901833333,-87.64330578395239,BATTERY,5
1280,21,41.78422437752381,-87.69216814357144,BATTERY,9
1372,21,41.92378169438095,-87.75857912438096,BATTERY,4
1359,21,41.95388543961904,-87.71794019709525,ASSAULT,4
1364,21,41.927150599190476,-87.75913510304761,BATTERY,4
1338,21,41.9760728127619,-87.65000660080952,ASSAULT,6
1229,21,41.80757702828571,-87.72656183257143,CRIMINAL DAMAGE,5
1228,21,41.842773046714285,-87.63191346433334,CRIMINAL DAMAGE,6
533,21,41.82128123128572,-87.62477532938095,ASSAULT,4
1350,21,41.68288405538095,-87.63330332866667,BATTERY,9
1357,21,41.84222746947619,-87.65521993566666,THEFT,6
1221,21,41.66087288409524,-87.6449243615238,BATTERY,5
1217,21,41.90727510247619,-87.71009941657142,THEFT,6
1361,21,41.967987721,-87.64418789214285,BURGLARY,10
1258,21,41.78143913504762,-87.65999846580952,BATTERY,7
1208,21,41.839714975142854,-87.6276813595238,BATTERY,10
1264,21,41.75152526828571,-87.66902893547619,BATTERY,6
1353,21,41.81918613323809,-87.70271475947618,THEFT,8
1276,21,41.912686064,-87.65284830947618,THEFT,6
1203,21,41.74031122771429,-87.5536844202381,BATTERY,7
949,21,41.80617856804762,-87.65761003014285,CRIMINAL DAMAGE,6
1163,21,41.7933871687619,-87.58551481604762,ASSAULT,3
637,21,41.799632365428565,-87.6177242997619,BATTERY,7
796,21,41.82261785304762,-87.69562614980953,BATTERY,6
1055,21,41.715151767952385,-87.56634189109525,ASSAULT,7
933,21,41.675560548095234,-87.63323139414285,CRIMINAL DAMAGE,6
602,21,41.87645866342857,-87.66046601914286,BATTERY,3
134,21,41.84922574504762,-87.70272497519048,BATTERY,6
916,21,41.89985054309524,-87.7122050082381,NARCOTICS,6
1138,21,41.985188128857146,-87.66911121561904,THEFT,5
717,21,41.77788041985715,-87.60161174357142,THEFT,7
913,21,41.917068045238096,-87.64840373338095,THEFT,11
1079,21,42.00268144,-87.81643272957143,BATTERY,9
1011,21,41.72554045928572,-87.5694648737619,BATTERY,7
1121,21,41.777833068,-87.63794023719048,BATTERY,7
1082,21,41.72530960133333,-87.6065856237143,BATTERY,5
254,21,41.884955322761904,-87.71666713871429,BATTERY,5
831,21,41.769452949,-87.6087643,ASSAULT,5
1114,21,41.74378754523809,-87.62476426057142,BATTERY,5
843,21,41.668187487285714,-87.63789223066667,CRIMINAL DAMAGE,6
1004,21,41.86554062952381,-87.7683799212381,BATTERY,8
1110,21,41.99451976214286,-87.6748163197619,CRIMINAL DAMAGE,7
845,21,41.79219175566667,-87.62078123080953,BATTERY,5
1145,21,41.92172187342857,-87.8044058367619,ASSAULT,5
599,21,41.73300381314286,-87.55549926685714,ASSAULT,6
1173,21,41.658082314714285,-87.61350846414287,BATTERY,7
1180,21,41.77825699133333,-87.73497516661905,CRIMINAL DAMAGE,4
958,21,41.65866934704762,-87.54926891242857,CRIMINAL DAMAGE,11
1174,21,41.9967713,-87.66113042628571,THEFT,8
774,21,41.69175663466667,-87.67988751385714,BATTERY,6
574,21,41.882976563571425,-87.68942367209523,OTHER OFFENSE,9
1158,21,41.71502541538095,-87.56924736904762,MOTOR VEHICLE THEFT,6
1171,21,41.75653957247619,-87.57601469490476,THEFT,6
1030,21,41.95960824980953,-87.64672123366667,BATTERY,6
1170,21,41.65684880114286,-87.61551551519048,BATTERY,12
1175,21,41.67172357338095,-87.65023669542857,BATTERY,6
1262,20,41.896577956200005,-87.76149265865,BATTERY,4
1330,20,41.908711811749995,-87.72226478799999,BURGLARY,4
1010,20,41.91281650745,-87.69784738525,BATTERY,6
1084,20,41.743910244800006,-87.5467113608,BATTERY,4
1041,20,41.7824976837,-87.6605944918,BATTERY,6
1261,20,41.80537770915,-87.7234316417,BATTERY,4
1312,20,41.659282752950006,-87.64249946940001,ASSAULT,5
1081,20,41.77684315885,-87.5873631584,CRIMINAL DAMAGE,4
1090,20,41.84142272405,-87.64106950419999,BATTERY,5
1040,20,41.9185148202,-87.6462513649,BATTERY,6
1310,20,41.754284247650006,-87.70768259500001,ASSAULT,7
1095,20,41.81124350565,-87.69544499439999,ASSAULT,6
1254,20,41.73559611335,-87.6379940684,ASSAULT,5
789,20,41.8602778244,-87.6223586965,THEFT,6
1024,20,41.7805952394,-87.65828529299999,THEFT,3
693,20,41.93825775565,-87.78560691375,THEFT,5
432,20,41.87578808975,-87.7482544722,MOTOR VEHICLE THEFT,5
197,20,41.921924174,-87.67332607575,THEFT,6
1286,20,41.85019033055001,-87.67552296945,CRIMINAL DAMAGE,7
1290,20,41.912755812899995,-87.71010506889999,OTHER OFFENSE,6
824,20,41.798705056450004,-87.66598576275,CRIMINAL DAMAGE,4
200,20,41.85745192655,-87.6256015736,OTHER OFFENSE,10
1323,20,41.92972078755,-87.69354330305,CRIMINAL DAMAGE,10
1251,20,41.78949102335,-87.67173425175,CRIMINAL DAMAGE,6
212,20,41.76085521895,-87.6406459691,ASSAULT,6
1271,20,41.75102063125,-87.70179831425,BATTERY,5
1294,20,41.9252064521,-87.6442330948,BATTERY,7
1295,20,41.74621178045,-87.6438672416,ASSAULT,5
1316,20,41.9370322273,-87.75486747765,CRIMINAL DAMAGE,5
715,20,41.961674297100004,-87.6788164941,THEFT,5
1275,20,41.92408041685,-87.73758149655,BATTERY,6
1326,20,41.7913899421,-87.68882505680001,ASSAULT,7
1288,20,41.91183668475,-87.76021352795,CRIMINAL DAMAGE,10
654,20,41.77636864925,-87.7935277465,ASSAULT,9
1182,20,41.9006655706,-87.67992293820001,MOTOR VEHICLE THEFT,7
1136,20,41.916238988399996,-87.67517213605001,THEFT,6
1365,20,41.69462926635,-87.65268099615,BATTERY,7
862,20,41.676066515100004,-87.6195791922,CRIMINAL DAMAGE,5
931,20,41.81775727115,-87.59814207725,THEFT,4
1214,20,41.9617431896,-87.674811777,THEFT,10
967,20,41.970637753249996,-87.7280149424,THEFT,9
1144,20,41.90290889905,-87.6245948861,BATTERY,6
1211,20,41.84061510005,-87.69483776175,THEFT,5
966,20,41.88894009245,-87.71490422445001,BATTERY,7
1147,20,41.77507690085,-87.6894847926,BATTERY,6
1206,20,41.7071369886,-87.6255436325,BATTERY,8
1156,20,41.926328009500004,-87.7928947575,THEFT,11
1130,20,41.852521358000004,-87.728164005,CRIMINAL DAMAGE,5
1162,20,41.80801493715,-87.69363331619999,THEFT,4
1200,20,41.916976504000004,-87.65413249745,CRIMINAL DAMAGE,7
961,20,41.76147111940001,-87.6243952148,CRIMINAL DAMAGE,6
1165,20,41.79000948935,-87.62976296575,ASSAULT,5
1168,20,41.7750105585,-87.6352931477,ASSAULT,4
1370,20,41.920763708449996,-87.7567667702,BATTERY,7
943,20,41.90371816625,-87.65571118714999,THEFT,7
1373,20,41.76217001555,-87.6899688277,BATTERY,5
1185,20,41.93920461105,-87.73757159110001,ASSAULT,4
607,20,41.6976103913,-87.61711454145,CRIMINAL DAMAGE,8
1032,20,41.7015957757,-87.63153798200001,BATTERY,6
4,20,41.731248006650006,-87.54568710735,BATTERY,6
312,20,41.80113425325,-87.62422684135001,ASSAULT,4
1033,20,41.83793322245,-87.63758936255,BATTERY,6
630,20,41.8878603466,-87.7710301449,BATTERY,7
1238,20,41.95417109375,-87.686152387,THEFT,14
1342,20,41.9504333186,-87.70808705105,ASSAULT,4
996,20,41.729856631349996,-87.5450855216,BATTERY,6
995,20,41.7402204105,-87.5575513789,THEFT,5
1242,20,41.67464176325,-87.6224083045,BATTERY,5
532,20,41.757219942800006,-87.6429878278,BATTERY,7
1246,20,41.953811069749996,-87.64489780565,THEFT,5
876,20,42.011345501950004,-87.67254685805,CRIMINAL DAMAGE,4
883,20,41.67950911595,-87.62630001,BATTERY,5
1107,20,41.93798305845,-87.75937064445,BATTERY,5
1123,20,41.76614343965,-87.68500478355,ASSAULT,4
1248,20,42.0126020637,-87.68130460945,BATTERY,11
1351,20,41.9316371659,-87.74687797015,BATTERY,8
399,20,41.793329708099996,-87.70019446354999,BATTERY,6
1176,19,41.855840214894734,-87.71633866973684,BATTERY,6
1314,19,41.894525245000004,-87.69025971642105,THEFT,9
964,19,41.70509431173684,-87.62194624136842,ASSAULT,5
1260,19,41.967015093473684,-87.70765087494736,BATTERY,6
1134,19,41.816703138684204,-87.6080317241579,ASSAULT,5
1329,19,41.80145977942105,-87.67462764836843,BATTERY,5
1250,19,41.79167717521052,-87.66265437763158,NARCOTICS,8
1343,18,41.777224094333334,-87.65355147333334,BATTERY,5
938,18,41.871742957555554,-87.68367210655555,THEFT,5
1013,18,41.87411314683333,-87.68923364827778,MOTOR VEHICLE THEFT,6
1355,18,41.847346728944444,-87.68327793072223,BURGLARY,5
1071,18,41.805132402611115,-87.6225411278889,THEFT,6
1265,17,41.83885587988235,-87.66573869752942,BATTERY,7
1292,17,41.90669167441177,-87.72329078629411,THEFT,4
1218,17,41.70673993729412,-87.62360069388235,BATTERY,3
1219,17,41.92168507752941,-87.78200063311765,BURGLARY,4
1237,17,41.76776279911765,-87.68931647017646,BATTERY,3
1341,17,41.68255658735294,-87.624177468,BURGLARY,6
1088,17,41.681523563764706,-87.64168278758824,OTHER OFFENSE,4
1268,17,41.81261438876471,-87.59693417794118,CRIMINAL DAMAGE,9
1183,17,42.00123952947059,-87.66402533988236,THEFT,9
755,17,41.87710883011765,-87.69451024211764,THEFT,7
1209,17,41.88701496558823,-87.70210974535294,BATTERY,4
1311,17,41.89841970264706,-87.68770697629412,BATTERY,5
1297,17,41.80005756311765,-87.60613433988236,CRIMINAL DAMAGE,3
1339,16,41.7644360808125,-87.676442531375,BATTERY,6
1289,16,41.7950990060625,-87.66825848825,BATTERY,4
628,16,41.7687558578125,-87.621654659125,ASSAULT,7
1349,16,41.9251541471875,-87.72200042606251,ASSAULT,4
1256,16,41.8382449216875,-87.635545453,BURGLARY,4
614,16,41.87373347,-87.70209422325,BATTERY,6
1327,16,41.8913969770625,-87.7604907150625,THEFT,4
1193,16,41.761842230875,-87.56886184025,ASSAULT,4
1235,15,41.73699344733333,-87.54917243226667,BATTERY,3
1035,15,41.764490858866665,-87.68051219440001,CRIMINAL DAMAGE,4
690,15,41.91677761426667,-87.71637973653333,CRIMINAL DAMAGE,3
1363,15,41.897465742533335,-87.69355301873334,MOTOR VEHICLE THEFT,4
1207,15,41.764724193999996,-87.68670355573335,BATTERY,5
1140,15,41.794566338133336,-87.65531337126667,CRIMINAL TRESPASS,5
1360,15,41.93867616426667,-87.76114059173332,NARCOTICS,3
1225,14,41.90896103421429,-87.63130376221429,THEFT,5
1296,14,41.750303986214284,-87.6580555055,BATTERY,3
1304,14,41.843918345214284,-87.71129321121428,CRIMINAL DAMAGE,3
1188,14,41.71020425971428,-87.62976315878572,BATTERY,7
1154,13,41.87021508946154,-87.7294540466923,BATTERY,2
905,13,41.823744612230776,-87.62402965023078,CRIMINAL DAMAGE,5
1100,13,41.707102256538455,-87.60809432023076,THEFT,4
1307,13,41.67939665284616,-87.63285216576924,BATTERY,6
1306,13,41.916325522538465,-87.67686951484615,BURGLARY,4
1308,13,41.891631795923075,-87.759286194,ASSAULT,3
1332,13,41.78408513269231,-87.70314666007692,BATTERY,3
1213,13,41.88977330176923,-87.68257074861539,THEFT,5
1074,13,41.90535291807692,-87.68952622392308,CRIMINAL DAMAGE,5
1049,13,41.85530391492308,-87.64697341499999,BATTERY,5
1124,13,41.854515553384616,-87.70196388376922,THEFT,5
1285,12,41.939009390833334,-87.75484875158332,BATTERY,3
1097,12,41.94695813008334,-87.71168243033333,THEFT,5
1058,12,41.885606476,-87.75902030641667,BATTERY,3
1192,12,41.76130326,-87.623150983,CRIMINAL DAMAGE,4
1298,11,41.93374454972727,-87.65398358754545,THEFT,7
1231,11,41.902981449181816,-87.75397560018182,BATTERY,4
1319,11,41.89503175609091,-87.69248546718183,THEFT,7
1038,11,41.88807357081818,-87.63995746427273,THEFT,4
1371,11,41.693446088818185,-87.62624261645455,CRIMINAL TRESPASS,3
1199,10,41.9203256042,-87.68977720939999,THEFT,5
1244,10,41.741483826199996,-87.5820940039,BATTERY,5
1272,10,41.756385686,-87.60806541439999,BATTERY,3
1313,10,41.9289228518,-87.76616094260001,BATTERY,4
1347,9,41.704963421,-87.62059720555555,ROBBERY,2
1333,9,41.97562251411111,-87.768607362,ASSAULT,4
1044,9,41.80100332711111,-87.656957787,THEFT,4
1143,8,41.8535560365,-87.71764805262501,ASSAULT,2
1354,8,41.684929212875,-87.655443942125,ASSAULT,2
1367,8,41.721708058625,-87.603211567,CRIMINAL DAMAGE,2
1187,8,41.834132619875,-87.666080126125,THEFT,3
1257,7,41.811642236857146,-87.67224261071429,CRIMINAL DAMAGE,2
1374,7,41.749759449428566,-87.6573240947143,ASSAULT,2
1368,5,41.8924020164,-87.665994167,THEFT,3
1149,3,41.93251467233333,-87.65223437466666,CRIMINAL DAMAGE,2
1317,2,41.721334598,-87.653032583,MOTOR VEHICLE THEFT,1
1348,1,41.7098221,-87.625977287,MOTOR VEHICLE THEFT,1
1362,1,41.853421854,-87.718341701,MOTOR VEHICLE THEFT,1
