antecedents,consequents,antecedent support,consequent support,support,confidence,lift,representativity,leverage,conviction,zhangs_metric,jaccard,certainty,kulczynski,antecedent_length,consequent_length
"frozenset({'TIME=Afternoon', 'LOCATION=SMALL RETAIL STORE'})",frozenset({'CRIME=THEFT'}),0.015991664793262663,0.2199794213775572,0.01149549518391063,0.7188429305217626,3.2677735309067444,1.0,0.007977658015824856,2.7743231926196303,0.7052595149453423,0.05121044623769813,0.6395517282700727,0.38555003472415983,2,1
"frozenset({'TIME=Evening', 'LOCATION=STREET'})",frozenset({'CRIME=MOTOR VEHICLE THEFT'}),0.09278537707299359,0.07860514984349871,0.0220658170058969,0.23781567421489144,3.0254464839565562,1.0,0.014772408537788708,1.2088871667721501,0.7379403464316884,0.14777070063694267,0.17279293925329667,0.2592664335214816,2,1
"frozenset({'TIME=Evening', 'CRIME=MOTOR VEHICLE THEFT'})",frozenset({'LOCATION=STREET'}),0.027936776938108497,0.2777638473377488,0.0220658170058969,0.7898483441658929,2.843596644186281,1.0,0.01430599036135139,3.4367378634046144,0.6669655517198717,0.07779657658481565,0.7090263966163115,0.43464463465823944,2,1
"frozenset({'LOCATION=STREET', 'TIME=Night'})",frozenset({'CRIME=MOTOR VEHICLE THEFT'}),0.06760250402061321,0.07860514984349871,0.014737925190654885,0.21800856941868643,2.7734642049883136,1.0,0.009424020232318859,1.1782671959353295,0.6858020256914383,0.11210128247287075,0.15129606981361973,0.2027508472437179,2,1
"frozenset({'TIME=Night', 'CRIME=MOTOR VEHICLE THEFT'})",frozenset({'LOCATION=STREET'}),0.01914330675981808,0.2777638473377488,0.014737925190654885,0.769873532068654,2.7716837142326924,1.0,0.009420606654281082,3.138431485759027,0.6516838568445512,0.05223080223080224,0.6813694979362754,0.41146636182570123,2,1
"frozenset({'TIME=Afternoon', 'CRIME=MOTOR VEHICLE THEFT'})",frozenset({'LOCATION=STREET'}),0.017491829076383004,0.2777638473377488,0.012597921386203676,0.7202174987642116,2.592913029061188,1.0,0.007739323644973232,2.5814200297451135,0.6252705063162853,0.044569523255991804,0.6126163164160702,0.3827861451392382,2,1
"frozenset({'DAY=Sunday', 'LOCATION=APARTMENT'})",frozenset({'CRIME=BATTERY'}),0.028338838258944784,0.18293790098051083,0.010548705621941308,0.37223493516399697,2.034761157578018,1.0,0.005364458034623755,1.3015412051209605,0.5233736280841051,0.05255222916217962,0.23168010658021096,0.21494885125209184,2,1
"frozenset({'LOCATION=APARTMENT', 'TIME=Evening'})",frozenset({'CRIME=BATTERY'}),0.05074619122555208,0.18293790098051083,0.018399709478271395,0.36258306355426817,1.9820007861186497,1.0,0.009116307772713281,1.2818330551043524,0.5219461093812547,0.08546699600377533,0.21986720812205035,0.23158102722791984,2,1
"frozenset({'LOCATION=APARTMENT', 'TIME=Night'})",frozenset({'CRIME=BATTERY'}),0.04186193300707282,0.18293790098051083,0.014893561830978608,0.3557781679231643,1.9448029414148953,1.0,0.007235427675677943,1.2682930915046031,0.5070345326650278,0.07095339113957944,0.21153871553957707,0.2185956891843164,2,1
"frozenset({'LOCATION=STREET', 'TIME=Night'})",frozenset({'CRIME=CRIMINAL DAMAGE'}),0.06760250402061321,0.11144015771179552,0.014387742749926505,0.21282854767538528,1.9098012067229708,1.0,0.006854109040157077,1.1288008980307622,0.510925109388035,0.08738118993856009,0.11410417749973492,0.17096794571572344,2,1
"frozenset({'CRIME=BATTERY', 'TIME=Night'})",frozenset({'LOCATION=APARTMENT'}),0.04008940460338596,0.19613675272796444,0.014893561830978608,0.371508681117222,1.8941308854669017,1.0,0.007030556193272978,1.2790363575761128,0.4917680684438178,0.06729041331354013,0.21816139621309236,0.2237216302782372,2,1
"frozenset({'TIME=Morning', 'CRIME=BATTERY'})",frozenset({'LOCATION=APARTMENT'}),0.03547650751379114,0.19613675272796444,0.012450931225897938,0.35096271021203995,1.789377591556307,1.0,0.005492684244013712,1.2385470910841763,0.45737243751985884,0.05681145697715707,0.1926023586841268,0.2072217888919484,2,1
"frozenset({'DAY=Sunday', 'CRIME=BATTERY'})",frozenset({'LOCATION=APARTMENT'}),0.031187853424870734,0.19613675272796444,0.010548705621941308,0.3382312170779041,1.7244662837210334,1.0,0.004431621326631438,1.2147192010516263,0.43363456816350643,0.048661800486618,0.17676447434578813,0.19600680938536363,2,1
"frozenset({'CRIME=BATTERY', 'TIME=Evening'})",frozenset({'LOCATION=APARTMENT'}),0.05559254327563249,0.19613675272796444,0.018399709478271395,0.3309744148067501,1.6874675969872985,1.0,0.007495968564300003,1.2015433565815534,0.43137739484417775,0.078857164032536,0.1677370653980841,0.21239251510924703,2,1
"frozenset({'CRIME=CRIMINAL DAMAGE', 'TIME=Night'})",frozenset({'LOCATION=STREET'}),0.032143289466858044,0.2777638473377488,0.014387742749926505,0.44761264290517816,1.611486329827872,1.0,0.005459499001521078,1.307481323361051,0.3920568635518455,0.04868628942594652,0.23517071935729866,0.24970555723836008,2,1
"frozenset({'CRIME=CRIMINAL DAMAGE', 'LOCATION=STREET'})",frozenset({'TIME=Night'}),0.04506545385373614,0.19832863541252357,0.014387742749926505,0.3192632386799693,1.6097687457784486,1.0,0.005449972782868963,1.177652523176417,0.39666882016387295,0.06282682977478242,0.15085309094166807,0.19590409890401733,2,1
"frozenset({'LOCATION=SMALL RETAIL STORE', 'CRIME=THEFT'})",frozenset({'TIME=Afternoon'}),0.02328497068843274,0.31149808912791604,0.01149549518391063,0.4936873375417749,1.5848807898755464,1.0,0.004242271309064296,1.3598354572633093,0.37783560900361524,0.03555811123443747,0.2646169103337574,0.26529562013934355,2,1
"frozenset({'DAY=Sunday', 'LOCATION=STREET'})",frozenset({'TIME=Night'}),0.0418705794870908,0.19832863541252357,0.012788143946599339,0.3054207537429014,1.539973050828622,1.0,0.0044840090529930186,1.1541827212769005,0.36596098570464625,0.05623360328504619,0.13358605915216296,0.18495015888779948,2,1
"frozenset({'CRIME=CRIMINAL DAMAGE', 'TIME=Evening'})",frozenset({'LOCATION=STREET'}),0.03253238106766735,0.2777638473377488,0.013756549708613624,0.42285714285714293,1.5223620601098853,1.0,0.0047202303802006025,1.2513992744147917,0.3546641044998831,0.04639024959178913,0.2008945342663372,0.23619160275979842,2,1
"frozenset({'TIME=Morning', 'LOCATION=APARTMENT'})",frozenset({'CRIME=BATTERY'}),0.04618517301606516,0.18293790098051083,0.012450931225897938,0.26958719460825614,1.473654137077786,1.0,0.0040019126179172484,1.1186305784730495,0.3369781161473088,0.057464384053633424,0.10604982623931317,0.16882408294751694,2,1
"frozenset({'LOCATION=STREET', 'DAY=Saturday'})",frozenset({'TIME=Night'}),0.04188787244712677,0.19832863541252357,0.01221747626541235,0.29167096707606566,1.470644753186498,1.0,0.003909911682639853,1.1317782094547661,0.33401741160137155,0.05358564981607189,0.11643465862295596,0.17663657345628897,2,1
"frozenset({'TIME=Afternoon', 'CRIME=BATTERY'})",frozenset({'LOCATION=APARTMENT'}),0.05177944558770125,0.19613675272796444,0.014188873709512858,0.2740252149954079,1.3971130406929513,1.0,0.004033021393886808,1.107288109554591,0.29975969443682865,0.06070695299927862,0.09689267736989249,0.17318347683291818,2,1
"frozenset({'TIME=Afternoon', 'LOCATION=APARTMENT'})",frozenset({'CRIME=BATTERY'}),0.057343455479274386,0.18293790098051083,0.014188873709512858,0.2474366706875754,1.3525719348552923,1.0,0.003698582329165029,1.0857054379277205,0.276524668368597,0.06275694590511885,0.07893986244676625,0.16249890960823293,2,1
"frozenset({'LOCATION=STREET', 'CRIME=MOTOR VEHICLE THEFT'})",frozenset({'TIME=Evening'}),0.05928026700330295,0.2789830010202846,0.0220658170058969,0.3722287047841307,1.334234356297093,1.0,0.005527630216031688,1.1485345132446396,0.2662923656915371,0.06978493006467137,0.1293252501616393,0.22566123683520123,2,1
"frozenset({'CRIME=THEFT', 'TIME=Night'})",frozenset({'LOCATION=STREET'}),0.03084631746416034,0.2777638473377488,0.011153959223200236,0.36159775753328666,1.3018172127116294,1.0,0.002585967408153469,1.1313183203611774,0.2392221252018229,0.0374978198941922,0.11607548291028603,0.20087701227844895,2,1
"frozenset({'TIME=Afternoon', 'DAY=Saturday'})",frozenset({'CRIME=THEFT'}),0.04295571272934788,0.2199794213775572,0.012269355145520258,0.2856280193236715,1.2984306328974276,1.0,0.0028199823144577432,1.0918969384604948,0.2401555412318312,0.048947068867387596,0.08416264871120857,0.17070151629469937,2,1
"frozenset({'CRIME=THEFT', 'DAY=Tuesday'})",frozenset({'TIME=Afternoon'}),0.031313227385131516,0.31149808912791604,0.0126411537862936,0.40370012425790414,1.2959955079921068,1.0,0.0028871432913972015,1.1546236027891883,0.2357752719974535,0.03828678425056631,0.13391689067819915,0.22214096314488502,2,1
"frozenset({'CRIME=THEFT', 'DAY=Thursday'})",frozenset({'TIME=Afternoon'}),0.03160720770574299,0.31149808912791604,0.0126411537862936,0.3999452879223089,1.2839413848155974,1.0,0.0027955689832855155,1.1473985571884673,0.22836626567825777,0.038252724394615314,0.1284632582680302,0.2202635449770874,2,1
"frozenset({'DAY=Saturday', 'TIME=Night'})",frozenset({'LOCATION=STREET'}),0.034417313711588016,0.2777638473377488,0.01221747626541235,0.35498053008416025,1.2779939991705231,1.0,0.002657590793851408,1.119712173582119,0.225277146664831,0.04072985126253892,0.10691334470281125,0.19948282523756955,2,1
"frozenset({'CRIME=THEFT', 'DAY=Wednesday'})",frozenset({'TIME=Afternoon'}),0.03191848098639044,0.31149808912791604,0.012632507306275615,0.39577407557903294,1.2705505728367699,1.0,0.0026899614711492718,1.139477607704236,0.21996043611514643,0.038189588697345546,0.12240486935522017,0.21816405994018542,2,1
"frozenset({'TIME=Afternoon', 'DAY=Friday'})",frozenset({'CRIME=THEFT'}),0.04731786189842115,0.2199794213775572,0.013220467947498574,0.2793969849246231,1.2701050997178769,1.0,0.00281151206626073,1.082455335745231,0.2232261666876209,0.05203335034881743,0.07617435382538298,0.16974782131477703,2,1
"frozenset({'DAY=Friday', 'CRIME=THEFT'})",frozenset({'TIME=Afternoon'}),0.03342729174952877,0.31149808912791604,0.013220467947498574,0.3954992240041386,1.2696682188690014,1.0,0.0028079304427990077,1.1389595153750436,0.21973790995536405,0.03985611135729739,0.12200566701379721,0.21897039699068865,2,1
"frozenset({'DAY=Friday', 'LOCATION=STREET'})",frozenset({'TIME=Evening'}),0.04049146592422225,0.2789830010202846,0.014335863869818596,0.35404655135596835,1.2690613767188845,1.0,0.0030394331905684805,1.11620582023868,0.22096316984064315,0.0469814822685992,0.10410787879051868,0.2027163534235638,2,1
"frozenset({'LOCATION=APARTMENT', 'CRIME=THEFT'})",frozenset({'TIME=Afternoon'}),0.029730921541840316,0.31149808912791604,0.011707333944351254,0.3937763559691726,1.2641373084233245,1.0,0.0024462086960559994,1.1357226291838143,0.2153492225179964,0.03552826648823815,0.11950332387173714,0.21568016155200984,2,1
"frozenset({'TIME=Afternoon', 'DAY=Thursday'})",frozenset({'CRIME=THEFT'}),0.0456577377349681,0.2199794213775572,0.0126411537862936,0.2768677208597671,1.2586073693892068,1.0,0.0025973910579470596,1.0786692851684716,0.21530120953503873,0.04996582365003418,0.07293179313637803,0.16716644302131878,2,1
"frozenset({'TIME=Afternoon', 'DAY=Tuesday'})",frozenset({'CRIME=THEFT'}),0.045813374375291815,0.2199794213775572,0.0126411537862936,0.2759271491931679,1.2543316436840062,1.0,0.0025631541998635005,1.0772680922275546,0.2124979254181399,0.049935104856889144,0.07172596383856608,0.16669615718801922,2,1
"frozenset({'LOCATION=STREET', 'CRIME=MOTOR VEHICLE THEFT'})",frozenset({'TIME=Night'}),0.05928026700330295,0.19832863541252357,0.014737925190654885,0.24861435239206536,1.2535474359259695,1.0,0.002980950728999763,1.0669239785716276,0.2150097706778998,0.06068211755491474,0.06272609849974843,0.1614624895475313,2,1
"frozenset({'TIME=Afternoon', 'DAY=Wednesday'})",frozenset({'CRIME=THEFT'}),0.045813374375291815,0.2199794213775572,0.012632507306275615,0.27573841653298103,1.253473687703374,1.0,0.002554507719845516,1.0769873709005897,0.2119260465084388,0.04989924519280031,0.07148400527316491,0.16658213792865667,2,1
"frozenset({'LOCATION=APARTMENT', 'CRIME=BATTERY'})",frozenset({'TIME=Night'}),0.0599330762446608,0.19832863541252357,0.014893561830978608,0.24850320998340905,1.252987040759507,1.0,0.0030071166033002993,1.066766186146687,0.21477954771006097,0.06119766223153856,0.06258746013299886,0.16179928891541023,2,1
"frozenset({'CRIME=THEFT', 'DAY=Saturday'})",frozenset({'TIME=Afternoon'}),0.03178878378612067,0.31149808912791604,0.012269355145520258,0.38596491228070173,1.239060288816751,1.0,0.0023672097404431897,1.1212745405631082,0.19927136336236376,0.03706557655386785,0.10815775813673928,0.21267656594993284,2,1
"frozenset({'DAY=Sunday', 'TIME=Night'})",frozenset({'LOCATION=STREET'}),0.037158247877289156,0.2777638473377488,0.012788143946599339,0.34415357766143106,1.2390150156688866,1.0,0.002466926055873765,1.1012275558155133,0.20035200889666807,0.04232607389176659,0.09192246895833389,0.19509660236866944,2,1
"frozenset({'LOCATION=STREET', 'DAY=Wednesday'})",frozenset({'TIME=Evening'}),0.03874055372058035,0.2789830010202846,0.013233437667525551,0.34159134025220406,1.2244163228689595,1.0,0.002425481729370493,1.095090394552073,0.19067102920044296,0.04346097599068593,0.08683337469229463,0.1945129532923322,2,1
"frozenset({'LOCATION=STREET', 'DAY=Thursday'})",frozenset({'TIME=Evening'}),0.037335500717657844,0.2789830010202846,0.01273626506649143,0.3411301528485409,1.2227632207015282,1.0,0.002320295031684256,1.0943238669927629,0.18924576290988265,0.0419532618447473,0.086193740114586,0.19339131497628423,2,1
"frozenset({'DAY=Tuesday', 'LOCATION=STREET'})",frozenset({'TIME=Evening'}),0.03825635083957321,0.2789830010202846,0.013025922147093917,0.34049045089840657,1.220470242463446,1.0,0.0023530505817848987,1.0932624098648904,0.187829350899965,0.042818366563872265,0.08530651838328207,0.19359059434167358,2,1
"frozenset({'DAY=Sunday', 'TIME=Evening'})",frozenset({'LOCATION=STREET'}),0.03966572708250471,0.2777638473377488,0.013419336987912221,0.33831062670299733,1.2179793372880032,1.0,0.0024016320260265758,1.091503327405066,0.18636011885189444,0.04414106939704209,0.08383238521370841,0.1933113313439966,2,1
"frozenset({'DAY=Tuesday', 'TIME=Evening'})",frozenset({'LOCATION=STREET'}),0.038589240320265616,0.2777638473377488,0.013025922147093917,0.3375532153260139,1.215252519582089,1.0,0.0023072262898959587,1.090255352386818,0.18423525307408198,0.0429434736752088,0.08278368199635834,0.19222444342698772,2,1
"frozenset({'CRIME=THEFT', 'LOCATION=STREET'})",frozenset({'TIME=Night'}),0.046453213896622686,0.19832863541252357,0.011153959223200236,0.24011167985109355,1.210675802572136,1.0,0.001940956700556981,1.054985770054187,0.18249240219541057,0.04774241302738712,0.052119916320162774,0.14817573093372116,2,1
"frozenset({'TIME=Evening', 'DAY=Wednesday'})",frozenset({'LOCATION=STREET'}),0.03948847424213603,0.2777638473377488,0.013233437667525551,0.3351215239763521,1.2064979916873735,1.0,0.002264967136532254,1.086267910162523,0.1781913623965973,0.04352834105969683,0.07941678968461474,0.19138214442214388,2,1
"frozenset({'TIME=Afternoon', 'DAY=Monday'})",frozenset({'CRIME=THEFT'}),0.04409704809172186,0.2199794213775572,0.011703010704342261,0.2653921568627451,1.2064408352417868,1.0,0.002002567580666975,1.0618190180099982,0.1790093749491053,0.046371796628751544,0.0582199197428729,0.15929631819710963,2,1
"frozenset({'CRIME=THEFT', 'DAY=Monday'})",frozenset({'TIME=Afternoon'}),0.031170560464834764,0.31149808912791604,0.011703010704342261,0.3754507628294036,1.2053067929903913,1.0,0.001993440682500066,1.1023981295553467,0.17581599701405104,0.03536019855006205,0.09288670473039434,0.20651042554949334,2,1
"frozenset({'DAY=Friday', 'TIME=Evening'})",frozenset({'LOCATION=STREET'}),0.0430594704895637,0.2777638473377488,0.014335863869818596,0.3329317269076305,1.1986143268774643,1.0,0.0023754996823111274,1.0827019988735733,0.17315943478944126,0.0467747168267671,0.07638482145559475,0.19227171257208947,2,1
"frozenset({'TIME=Evening', 'DAY=Thursday'})",frozenset({'LOCATION=STREET'}),0.03845089663997787,0.2777638473377488,0.01273626506649143,0.3312345401394198,1.1925041480889806,1.0,0.00205599608218506,1.079954327803978,0.16788377516150602,0.0419676054532245,0.07403491587145208,0.188543696940167,2,1
"frozenset({'TIME=Evening', 'DAY=Monday'})",frozenset({'LOCATION=STREET'}),0.038917806560949036,0.2777638473377488,0.012887578466806163,0.33114863363696956,1.1921948691699507,1.0,0.002077618786490678,1.0798156197086173,0.16773898481131402,0.042422086238793226,0.07391597070077134,0.18877312146914083,2,1
"frozenset({'TIME=Afternoon', 'DAY=Sunday'})",frozenset({'CRIME=THEFT'}),0.039842979922873396,0.2199794213775572,0.010380099261590607,0.26052517361111116,1.184316114569481,1.0,0.0016154635921992889,1.054830469931685,0.1620889491387727,0.041613227494887176,0.05198036224269864,0.1538559283931192,2,1
"frozenset({'LOCATION=STREET', 'DAY=Monday'})",frozenset({'TIME=Evening'}),0.03918152420149757,0.2789830010202846,0.012887578466806163,0.3289197837360697,1.1789957901849162,1.0,0.0019565992605234603,1.0744125389268597,0.15801168957840334,0.04221602254542365,0.06925881468321664,0.1875573179113319,2,1
"frozenset({'TIME=Evening', 'DAY=Saturday'})",frozenset({'LOCATION=STREET'}),0.04081138568488768,0.2777638473377488,0.013146972867345704,0.3221398305084746,1.159761551389971,1.0,0.0018110453643265766,1.0654648040524537,0.1436149155986805,0.043044389083908965,0.06144248388446148,0.1847356532423772,2,1
"frozenset({'DAY=Sunday', 'CRIME=THEFT'})",frozenset({'TIME=Afternoon'}),0.028753869299808048,0.31149808912791604,0.010380099261590607,0.36099834611336645,1.1589103070392295,1.0,0.0014233239196665502,1.0774649904024074,0.14117992269346052,0.03146706508348405,0.07189559855070178,0.19716075080608644,2,1
"frozenset({'DAY=Sunday', 'LOCATION=STREET'})",frozenset({'TIME=Evening'}),0.0418705794870908,0.2789830010202846,0.013419336987912221,0.32049561177077956,1.1487997856452787,1.0,0.0017381570681452591,1.0610924836831095,0.13518664305748918,0.043649454381820225,0.05757507910248707,0.18429826225519655,2,1
"frozenset({'LOCATION=STREET', 'DAY=Saturday'})",frozenset({'TIME=Evening'}),0.04188787244712677,0.2789830010202846,0.013146972867345704,0.31386107957477555,1.1250186514122233,1.0,0.0014609685056913829,1.050832386148385,0.11598417824949069,0.04272327512328075,0.04837344834289014,0.18049285867288467,2,1
"frozenset({'LOCATION=APARTMENT', 'CRIME=BATTERY'})",frozenset({'TIME=Evening'}),0.0599330762446608,0.2789830010202846,0.018399709478271395,0.3070042559330592,1.1004407250990076,1.0,0.0016794000071583964,1.040434959597772,0.09709221582607452,0.05740645822655049,0.038863514941293226,0.1864785269065739,2,1
"frozenset({'CRIME=CRIMINAL DAMAGE', 'LOCATION=STREET'})",frozenset({'TIME=Evening'}),0.04506545385373614,0.2789830010202846,0.013756549708613624,0.3052570990023024,1.0941781323088837,1.0,0.0011840541501571648,1.037818447578646,0.09013395702231237,0.04433422038928288,0.03644033083713325,0.1772833665658178,2,1
"frozenset({'CRIME=THEFT', 'LOCATION=STREET'})",frozenset({'TIME=Evening'}),0.046453213896622686,0.2789830010202846,0.0137133173085237,0.2952070730572359,1.0581543390730523,1.0,0.0007536602886067147,1.0230196294780196,0.05763563740090367,0.04399201153888827,0.02250164983614727,0.1721808714529179,2,1
