support,itemsets,itemset_length
0.31149808912791604,frozenset({'TIME=Afternoon'}),1
0.2789830010202846,frozenset({'TIME=Evening'}),1
0.2777638473377488,frozenset({'LOCATION=STREET'}),1
0.2199794213775572,frozenset({'CRIME=THEFT'}),1
0.21119027443927577,frozenset({'TIME=Morning'}),1
0.19832863541252357,frozenset({'TIME=Night'}),1
0.19613675272796444,frozenset({'LOCATION=APARTMENT'}),1
0.18293790098051083,frozenset({'CRIME=BATTERY'}),1
0.14742248430663876,frozenset({'DAY=Friday'}),1
0.14584882494336557,frozenset({'DAY=Saturday'}),1
0.14267989001677417,frozenset({'DAY=Sunday'}),1
0.14262801113666626,frozenset({'DAY=Monday'}),1
0.14183253497501166,frozenset({'DAY=Wednesday'}),1
0.1399000466909921,frozenset({'DAY=Thursday'}),1
0.13968820793055148,frozenset({'DAY=Tuesday'}),1
0.11572448856070694,frozenset({'LOCATION=RESIDENCE'}),1
0.11144015771179552,frozenset({'CRIME=CRIMINAL DAMAGE'}),1
0.09278537707299359,"frozenset({'TIME=Evening', 'LOCATION=STREET'})",2
0.09008767530738236,frozenset({'CRIME=ASSAULT'}),1
0.08548774793781451,"frozenset({'TIME=Afternoon', 'CRIME=THEFT'})",2
0.07860514984349871,frozenset({'CRIME=MOTOR VEHICLE THEFT'}),1
0.06873086966296021,"frozenset({'TIME=Afternoon', 'LOCATION=STREET'})",2
0.06777543362097291,frozenset({'CRIME=OTHER OFFENSE'}),1
0.06760250402061321,"frozenset({'LOCATION=STREET', 'TIME=Night'})",2
0.0599330762446608,"frozenset({'LOCATION=APARTMENT', 'CRIME=BATTERY'})",2
0.05928026700330295,"frozenset({'LOCATION=STREET', 'CRIME=MOTOR VEHICLE THEFT'})",2
0.0579573555605513,frozenset({'CRIME=DECEPTIVE PRACTICE'}),1
0.057343455479274386,"frozenset({'TIME=Afternoon', 'LOCATION=APARTMENT'})",2
0.056310201117125216,frozenset({'CRIME=BURGLARY'}),1
0.05559254327563249,"frozenset({'CRIME=BATTERY', 'TIME=Evening'})",2
0.05341795355110934,"frozenset({'CRIME=THEFT', 'TIME=Evening'})",2
0.05177944558770125,"frozenset({'TIME=Afternoon', 'CRIME=BATTERY'})",2
0.05074619122555208,"frozenset({'LOCATION=APARTMENT', 'TIME=Evening'})",2
0.050227402424472996,"frozenset({'TIME=Morning', 'CRIME=THEFT'})",2
0.049336814982620575,frozenset({'LOCATION=SIDEWALK'}),1
0.0486450965811818,"frozenset({'TIME=Morning', 'LOCATION=STREET'})",2
0.04731786189842115,"frozenset({'TIME=Afternoon', 'DAY=Friday'})",2
0.046453213896622686,"frozenset({'CRIME=THEFT', 'LOCATION=STREET'})",2
0.04618517301606516,"frozenset({'TIME=Morning', 'LOCATION=APARTMENT'})",2
0.045813374375291815,"frozenset({'TIME=Afternoon', 'DAY=Tuesday'})",2
0.045813374375291815,"frozenset({'TIME=Afternoon', 'DAY=Wednesday'})",2
0.0456577377349681,"frozenset({'TIME=Afternoon', 'DAY=Thursday'})",2
0.04506545385373614,"frozenset({'CRIME=CRIMINAL DAMAGE', 'LOCATION=STREET'})",2
0.04409704809172186,"frozenset({'TIME=Afternoon', 'DAY=Monday'})",2
0.0430594704895637,"frozenset({'DAY=Friday', 'TIME=Evening'})",2
0.04295571272934788,"frozenset({'TIME=Afternoon', 'DAY=Saturday'})",2
0.04188787244712677,"frozenset({'LOCATION=STREET', 'DAY=Saturday'})",2
0.0418705794870908,"frozenset({'DAY=Sunday', 'LOCATION=STREET'})",2
0.04186193300707282,"frozenset({'LOCATION=APARTMENT', 'TIME=Night'})",2
0.04081138568488768,"frozenset({'TIME=Evening', 'DAY=Saturday'})",2
0.04049146592422225,"frozenset({'DAY=Friday', 'LOCATION=STREET'})",2
0.04008940460338596,"frozenset({'CRIME=BATTERY', 'TIME=Night'})",2
0.039842979922873396,"frozenset({'TIME=Afternoon', 'DAY=Sunday'})",2
0.03966572708250471,"frozenset({'DAY=Sunday', 'TIME=Evening'})",2
0.03948847424213603,"frozenset({'TIME=Evening', 'DAY=Wednesday'})",2
0.03918152420149757,"frozenset({'LOCATION=STREET', 'DAY=Monday'})",2
0.038917806560949036,"frozenset({'TIME=Evening', 'DAY=Monday'})",2
0.03874055372058035,"frozenset({'LOCATION=STREET', 'DAY=Wednesday'})",2
0.038589240320265616,"frozenset({'DAY=Tuesday', 'TIME=Evening'})",2
0.03845089663997787,"frozenset({'TIME=Evening', 'DAY=Thursday'})",2
0.03825635083957321,"frozenset({'DAY=Tuesday', 'LOCATION=STREET'})",2
0.037335500717657844,"frozenset({'LOCATION=STREET', 'DAY=Thursday'})",2
0.037158247877289156,"frozenset({'DAY=Sunday', 'TIME=Night'})",2
0.03618119563525689,"frozenset({'TIME=Afternoon', 'LOCATION=RESIDENCE'})",2
0.0358915385546544,frozenset({'LOCATION=PARKING LOT / GARAGE (NON RESIDENTIAL)'}),1
0.03547650751379114,"frozenset({'TIME=Morning', 'CRIME=BATTERY'})",2
0.034417313711588016,"frozenset({'DAY=Saturday', 'TIME=Night'})",2
0.03441299047157902,frozenset({'LOCATION=SMALL RETAIL STORE'}),1
0.03342729174952877,"frozenset({'CRIME=THEFT', 'DAY=Friday'})",2
0.03253238106766735,"frozenset({'CRIME=CRIMINAL DAMAGE', 'TIME=Evening'})",2
0.032143289466858044,"frozenset({'CRIME=CRIMINAL DAMAGE', 'TIME=Night'})",2
0.03191848098639044,"frozenset({'CRIME=THEFT', 'DAY=Wednesday'})",2
0.03191415774638145,"frozenset({'TIME=Afternoon', 'CRIME=ASSAULT'})",2
0.03178878378612067,"frozenset({'CRIME=THEFT', 'DAY=Saturday'})",2
0.03170231898594082,"frozenset({'TIME=Morning', 'DAY=Tuesday'})",2
0.031650440105832914,"frozenset({'TIME=Morning', 'DAY=Monday'})",2
0.031650440105832914,"frozenset({'TIME=Morning', 'DAY=Wednesday'})",2
0.03160720770574299,"frozenset({'CRIME=THEFT', 'DAY=Thursday'})",2
0.03160720770574299,"frozenset({'TIME=Morning', 'DAY=Thursday'})",2
0.031313227385131516,"frozenset({'CRIME=THEFT', 'DAY=Tuesday'})",2
0.031187853424870734,"frozenset({'DAY=Sunday', 'CRIME=BATTERY'})",2
0.031170560464834764,"frozenset({'CRIME=THEFT', 'DAY=Monday'})",2
0.03090251958427724,"frozenset({'TIME=Morning', 'DAY=Friday'})",2
0.03084631746416034,"frozenset({'CRIME=THEFT', 'TIME=Night'})",2
0.029730921541840316,"frozenset({'CRIME=THEFT', 'LOCATION=APARTMENT'})",2
0.029000293980320613,"frozenset({'LOCATION=RESIDENCE', 'TIME=Evening'})",2
0.028896536220104796,"frozenset({'CRIME=BATTERY', 'LOCATION=STREET'})",2
0.02881007141992495,"frozenset({'LOCATION=APARTMENT', 'DAY=Saturday'})",2
0.028779808739862002,"frozenset({'LOCATION=APARTMENT', 'DAY=Monday'})",2
0.02875819253981704,"frozenset({'CRIME=BATTERY', 'DAY=Saturday'})",2
0.028753869299808048,"frozenset({'DAY=Sunday', 'CRIME=THEFT'})",2
0.028338838258944784,"frozenset({'DAY=Sunday', 'LOCATION=APARTMENT'})",2
0.028105383298459196,frozenset({'CRIME=NARCOTICS'}),1
0.028083767098414234,"frozenset({'LOCATION=APARTMENT', 'DAY=Friday'})",2
0.027988655818216406,"frozenset({'LOCATION=APARTMENT', 'DAY=Wednesday'})",2
0.02796271637816245,"frozenset({'TIME=Night', 'DAY=Monday'})",2
0.027936776938108497,"frozenset({'TIME=Evening', 'CRIME=MOTOR VEHICLE THEFT'})",2
0.027664412817541978,"frozenset({'TIME=Morning', 'DAY=Saturday'})",2
0.027526069137254222,"frozenset({'LOCATION=APARTMENT', 'DAY=Thursday'})",2
0.026989987376139175,"frozenset({'LOCATION=RESIDENCE', 'CRIME=BATTERY'})",2
0.026609542255347847,"frozenset({'LOCATION=APARTMENT', 'DAY=Tuesday'})",2
0.026518754215159007,"frozenset({'TIME=Morning', 'LOCATION=RESIDENCE'})",2
0.026142632334376675,"frozenset({'DAY=Friday', 'TIME=Night'})",2
0.026012935134106904,"frozenset({'TIME=Morning', 'DAY=Sunday'})",2
0.025684368893423487,"frozenset({'DAY=Friday', 'CRIME=BATTERY'})",2
0.025221782212461307,"frozenset({'CRIME=BATTERY', 'DAY=Monday'})",2
0.025143963892299444,"frozenset({'TIME=Afternoon', 'CRIME=CRIMINAL DAMAGE'})",2
0.024880246251750913,"frozenset({'DAY=Wednesday', 'TIME=Night'})",2
0.02445656873086966,"frozenset({'CRIME=ASSAULT', 'TIME=Evening'})",2
0.02431822505058191,"frozenset({'CRIME=BATTERY', 'DAY=Thursday'})",2
0.024279315890500978,"frozenset({'CRIME=BATTERY', 'DAY=Wednesday'})",2
0.024184204610303146,"frozenset({'TIME=Night', 'DAY=Thursday'})",2
0.024024244729970428,"frozenset({'LOCATION=RESIDENCE', 'TIME=Night'})",2
0.023924810209763604,frozenset({'CRIME=CRIMINAL TRESPASS'}),1
0.023812405969529805,"frozenset({'TIME=Afternoon', 'CRIME=DECEPTIVE PRACTICE'})",2
0.02379943624950283,"frozenset({'LOCATION=APARTMENT', 'CRIME=ASSAULT'})",2
0.02358327424905321,"frozenset({'DAY=Tuesday', 'TIME=Night'})",2
0.023488162968855378,"frozenset({'DAY=Tuesday', 'CRIME=BATTERY'})",2
0.02328497068843274,"frozenset({'CRIME=THEFT', 'LOCATION=SMALL RETAIL STORE'})",2
0.02262351496705691,"frozenset({'CRIME=BURGLARY', 'LOCATION=STREET'})",2
0.022506787486814117,"frozenset({'TIME=Afternoon', 'CRIME=OTHER OFFENSE'})",2
0.022394383246580316,"frozenset({'LOCATION=APARTMENT', 'CRIME=OTHER OFFENSE'})",2
0.02232088816642745,frozenset({'LOCATION=DEPARTMENT STORE'}),1
0.0220658170058969,"frozenset({'TIME=Evening', 'LOCATION=STREET', 'CRIME=MOTOR VEHICLE THEFT'})",3
0.021888564165528212,frozenset({'LOCATION=RESTAURANT'}),1
0.02162484652497968,"frozenset({'TIME=Morning', 'CRIME=ASSAULT'})",2
0.02162052328497069,"frozenset({'TIME=Morning', 'CRIME=CRIMINAL DAMAGE'})",2
0.021447593684610994,frozenset({'CRIME=WEAPONS VIOLATION'}),1
0.020933128123540905,frozenset({'CRIME=ROBBERY'}),1
0.020410016082452832,frozenset({'LOCATION=ALLEY'}),1
0.019765853321112976,"frozenset({'LOCATION=APARTMENT', 'CRIME=CRIMINAL DAMAGE'})",2
0.01914330675981808,"frozenset({'TIME=Night', 'CRIME=MOTOR VEHICLE THEFT'})",2
0.018862296159233575,"frozenset({'CRIME=THEFT', 'LOCATION=DEPARTMENT STORE'})",2
0.018399709478271395,"frozenset({'LOCATION=APARTMENT', 'CRIME=BATTERY', 'TIME=Evening'})",3
0.018170577757794803,frozenset({'LOCATION=OTHER (SPECIFY)'}),1
0.01803655731751604,"frozenset({'TIME=Afternoon', 'LOCATION=SIDEWALK'})",2
0.017729607276877585,"frozenset({'TIME=Morning', 'CRIME=OTHER OFFENSE'})",2
0.01759558683659882,"frozenset({'CRIME=ASSAULT', 'LOCATION=STREET'})",2
0.017491829076383004,"frozenset({'TIME=Afternoon', 'CRIME=MOTOR VEHICLE THEFT'})",2
0.017288636795960363,"frozenset({'CRIME=OTHER OFFENSE', 'TIME=Evening'})",2
0.017241081155861447,"frozenset({'CRIME=CRIMINAL DAMAGE', 'DAY=Saturday'})",2
0.017236757915852455,"frozenset({'DAY=Friday', 'LOCATION=RESIDENCE'})",2
0.01689089871513307,"frozenset({'CRIME=OTHER OFFENSE', 'LOCATION=RESIDENCE'})",2
0.016761201514863298,"frozenset({'DAY=Sunday', 'CRIME=CRIMINAL DAMAGE'})",2
0.0166487972746295,"frozenset({'CRIME=BURGLARY', 'TIME=Night'})",2
0.016644474034620507,"frozenset({'DAY=Sunday', 'LOCATION=RESIDENCE'})",2
0.016583948674494614,"frozenset({'LOCATION=RESIDENCE', 'DAY=Saturday'})",2
0.016471544434260812,"frozenset({'LOCATION=RESIDENCE', 'DAY=Wednesday'})",2
0.01646722119425182,"frozenset({'CRIME=THEFT', 'LOCATION=RESIDENCE'})",2
0.01644560499420686,"frozenset({'LOCATION=RESIDENCE', 'DAY=Monday'})",2
0.01641534231414391,"frozenset({'LOCATION=RESIDENCE', 'DAY=Thursday'})",2
0.016160271153613365,"frozenset({'CRIME=CRIMINAL DAMAGE', 'DAY=Monday'})",2
0.015991664793262663,"frozenset({'TIME=Afternoon', 'LOCATION=SMALL RETAIL STORE'})",2
0.015926816193127778,"frozenset({'DAY=Tuesday', 'LOCATION=RESIDENCE'})",2
0.015909523233091808,"frozenset({'DAY=Friday', 'CRIME=CRIMINAL DAMAGE'})",2
0.01582305843291196,frozenset({'LOCATION=VEHICLE NON-COMMERCIAL'}),1
0.015753886592768083,"frozenset({'CRIME=BATTERY', 'LOCATION=SIDEWALK'})",2
0.015520431632282498,"frozenset({'CRIME=BURGLARY', 'TIME=Evening'})",2
0.015390734432012727,"frozenset({'DAY=Tuesday', 'CRIME=CRIMINAL DAMAGE'})",2
0.015105400591419233,"frozenset({'CRIME=CRIMINAL DAMAGE', 'DAY=Wednesday'})",2
0.014893561830978608,"frozenset({'LOCATION=APARTMENT', 'CRIME=BATTERY', 'TIME=Night'})",3
0.014880592110951631,"frozenset({'TIME=Morning', 'CRIME=DECEPTIVE PRACTICE'})",2
0.014871945630933647,"frozenset({'CRIME=CRIMINAL DAMAGE', 'DAY=Thursday'})",2
0.014737925190654885,"frozenset({'TIME=Night', 'LOCATION=STREET', 'CRIME=MOTOR VEHICLE THEFT'})",3
0.014521763190205268,"frozenset({'TIME=Evening', 'LOCATION=SIDEWALK'})",2
0.014387742749926505,"frozenset({'CRIME=CRIMINAL DAMAGE', 'LOCATION=STREET', 'TIME=Night'})",3
0.014335863869818596,"frozenset({'DAY=Friday', 'TIME=Evening', 'LOCATION=STREET'})",3
0.014301277949746657,frozenset({'LOCATION=COMMERCIAL / BUSINESS OFFICE'}),1
0.014188873709512858,"frozenset({'TIME=Afternoon', 'CRIME=BATTERY', 'LOCATION=APARTMENT'})",3
0.014033237069189132,"frozenset({'TIME=Morning', 'CRIME=MOTOR VEHICLE THEFT'})",2
0.013756549708613624,"frozenset({'CRIME=CRIMINAL DAMAGE', 'TIME=Evening', 'LOCATION=STREET'})",3
0.0137133173085237,"frozenset({'CRIME=THEFT', 'TIME=Evening', 'LOCATION=STREET'})",3
0.01347121586802013,"frozenset({'CRIME=OTHER OFFENSE', 'LOCATION=STREET'})",2
0.013419336987912221,"frozenset({'DAY=Sunday', 'TIME=Evening', 'LOCATION=STREET'})",3
0.013415013747903229,"frozenset({'LOCATION=APARTMENT', 'CRIME=DECEPTIVE PRACTICE'})",2
0.013384751067840282,"frozenset({'DAY=Friday', 'CRIME=ASSAULT'})",2
0.01328963978764245,"frozenset({'CRIME=CRIMINAL DAMAGE', 'LOCATION=RESIDENCE'})",2
0.013233437667525551,"frozenset({'TIME=Evening', 'LOCATION=STREET', 'DAY=Wednesday'})",3
0.013220467947498574,"frozenset({'TIME=Afternoon', 'DAY=Friday', 'CRIME=THEFT'})",3
0.013146972867345704,"frozenset({'TIME=Evening', 'LOCATION=STREET', 'DAY=Saturday'})",3
0.013025922147093917,"frozenset({'DAY=Tuesday', 'TIME=Evening', 'LOCATION=STREET'})",3
0.012922164386878102,"frozenset({'CRIME=ASSAULT', 'DAY=Wednesday'})",2
0.012887578466806163,"frozenset({'TIME=Evening', 'LOCATION=STREET', 'DAY=Monday'})",3
0.01286163902675221,"frozenset({'CRIME=ASSAULT', 'DAY=Thursday'})",2
0.012840022826707247,"frozenset({'DAY=Sunday', 'CRIME=ASSAULT'})",2
0.012788143946599339,"frozenset({'DAY=Sunday', 'LOCATION=STREET', 'TIME=Night'})",3
0.0127535580265274,"frozenset({'CRIME=ASSAULT', 'DAY=Tuesday'})",2
0.01273626506649143,"frozenset({'TIME=Evening', 'LOCATION=STREET', 'DAY=Thursday'})",3
0.012731941826482438,"frozenset({'TIME=Afternoon', 'CRIME=BURGLARY'})",2
0.012693032666401509,"frozenset({'CRIME=ASSAULT', 'DAY=Saturday'})",2
0.0126411537862936,"frozenset({'TIME=Afternoon', 'DAY=Tuesday', 'CRIME=THEFT'})",3
0.0126411537862936,"frozenset({'TIME=Afternoon', 'CRIME=THEFT', 'DAY=Thursday'})",3
0.012632507306275615,"frozenset({'TIME=Afternoon', 'DAY=Wednesday', 'CRIME=THEFT'})",3
0.012632507306275615,"frozenset({'CRIME=ASSAULT', 'DAY=Monday'})",2
0.012597921386203676,"frozenset({'TIME=Afternoon', 'LOCATION=STREET', 'CRIME=MOTOR VEHICLE THEFT'})",3
0.012450931225897938,"frozenset({'TIME=Morning', 'CRIME=BATTERY', 'LOCATION=APARTMENT'})",3
0.01238175938575406,"frozenset({'LOCATION=RESIDENCE', 'CRIME=DECEPTIVE PRACTICE'})",2
0.012377436145745067,frozenset({'LOCATION=GAS STATION'}),1
0.012269355145520258,"frozenset({'TIME=Afternoon', 'DAY=Saturday', 'CRIME=THEFT'})",3
0.01221747626541235,"frozenset({'LOCATION=STREET', 'DAY=Saturday', 'TIME=Night'})",3
0.012118041745205527,"frozenset({'CRIME=NARCOTICS', 'LOCATION=STREET'})",2
0.012092102305151573,"frozenset({'CRIME=ASSAULT', 'TIME=Night'})",2
0.011940788904836842,frozenset({'LOCATION=RESIDENCE - PORCH / HALLWAY'}),1
0.011932142424818857,"frozenset({'DAY=Sunday', 'CRIME=MOTOR VEHICLE THEFT'})",2
0.011819738184585055,"frozenset({'DAY=Saturday', 'CRIME=MOTOR VEHICLE THEFT'})",2
0.011806768464558078,"frozenset({'TIME=Afternoon', 'LOCATION=STREET', 'CRIME=THEFT'})",3
0.011707333944351254,"frozenset({'TIME=Afternoon', 'LOCATION=APARTMENT', 'CRIME=THEFT'})",3
0.011703010704342261,"frozenset({'CRIME=THEFT', 'TIME=Afternoon', 'DAY=Monday'})",3
0.011655455064243347,"frozenset({'DAY=Friday', 'CRIME=MOTOR VEHICLE THEFT'})",2
0.01149549518391063,"frozenset({'TIME=Afternoon', 'LOCATION=SMALL RETAIL STORE', 'CRIME=THEFT'})",3
0.011409030383730784,"frozenset({'TIME=Morning', 'CRIME=BURGLARY'})",2
0.011283656423470005,"frozenset({'TIME=Afternoon', 'LOCATION=DEPARTMENT STORE'})",2
0.011223131063344112,"frozenset({'TIME=Afternoon', 'LOCATION=PARKING LOT / GARAGE (NON RESIDENTIAL)'})",2
0.011153959223200236,"frozenset({'CRIME=THEFT', 'LOCATION=STREET', 'TIME=Night'})",3
0.011080464143047366,"frozenset({'CRIME=DECEPTIVE PRACTICE', 'TIME=Night'})",2
0.011067494423020388,"frozenset({'CRIME=ASSAULT', 'LOCATION=RESIDENCE'})",2
0.010907534542687673,"frozenset({'DAY=Wednesday', 'CRIME=MOTOR VEHICLE THEFT'})",2
0.010868625382606741,"frozenset({'DAY=Tuesday', 'CRIME=MOTOR VEHICLE THEFT'})",2
0.010838362702543795,"frozenset({'DAY=Monday', 'CRIME=MOTOR VEHICLE THEFT'})",2
0.010838362702543795,"frozenset({'CRIME=WEAPONS VIOLATION', 'LOCATION=STREET'})",2
0.010816746502498833,"frozenset({'TIME=Afternoon', 'LOCATION=STREET', 'DAY=Friday'})",3
0.010790807062444879,"frozenset({'TIME=Afternoon', 'CRIME=NARCOTICS'})",2
0.010635170422121155,frozenset({'LOCATION=GROCERY FOOD STORE'}),1
0.010583291542013247,"frozenset({'DAY=Thursday', 'CRIME=MOTOR VEHICLE THEFT'})",2
0.010548705621941308,"frozenset({'DAY=Sunday', 'CRIME=BATTERY', 'LOCATION=APARTMENT'})",3
0.010492503501824407,"frozenset({'CRIME=OTHER OFFENSE', 'DAY=Wednesday'})",2
0.010380099261590607,"frozenset({'TIME=Afternoon', 'DAY=Sunday', 'CRIME=THEFT'})",3
0.01029363446141076,"frozenset({'TIME=Evening', 'LOCATION=PARKING LOT / GARAGE (NON RESIDENTIAL)'})",2
0.010250402061320836,"frozenset({'CRIME=OTHER OFFENSE', 'TIME=Night'})",2
0.01020284642122192,"frozenset({'CRIME=OTHER OFFENSE', 'DAY=Tuesday'})",2
0.010094765420997113,"frozenset({'CRIME=OTHER OFFENSE', 'DAY=Thursday'})",2
