CLUSTER,CRIME_COUNT
0,90
1,10340
2,7369
3,256
4,1374
5,1556
6,20
7,592
8,161
9,18179
10,722
11,13068
12,59
13,8997
14,47
15,8946
16,2842
17,3641
18,172
19,93
20,4220
21,144
22,491
23,12
24,974
25,346
26,176
27,781
28,851
29,13047
30,2547
31,3047
32,121
33,14
34,37
35,20
36,236
37,10
38,35
39,32
40,1558
41,18
42,1455
43,41
44,15
45,87
46,790
47,15
48,205
49,51
50,114
51,2535
52,49
53,200
54,18
55,888
56,16
57,877
58,15
59,38
60,152
61,2694
62,238
63,495
64,111
65,1896
66,378
67,93
68,38
69,276
70,60
71,13
72,33
73,234
74,21
75,46
76,625
77,14
78,555
79,57
80,38
81,114
82,287
83,45
84,860
85,489
86,11
87,70
88,106
89,19
90,542
91,156
92,161
93,40
94,191
95,47
96,228
97,265
98,14
99,77
100,48
101,78
102,96
103,67
104,737
105,12
106,77
107,224
108,238
109,184
110,31
111,152
112,44
113,47
114,340
115,343
116,113
117,470
118,135
119,19
120,60
121,17
122,115
123,11
124,64
125,289
126,10
127,36
128,11
129,205
130,17
131,179
132,658
133,120
134,106
135,185
136,18
137,21
138,292
139,15
140,16
141,43
142,21
143,52
144,36
145,56
146,32
147,1130
148,27
149,13
150,69
151,19
152,155
153,346
154,28
155,13
156,128
157,668
158,63
159,12
160,27
161,1104
162,15
163,108
164,216
165,15
166,20
167,18
168,301
169,54
170,107
171,14
172,16
173,13
174,116
175,10
176,156
177,40
178,13
179,16
180,44
181,166
182,100
183,247
184,12
185,26
186,14
187,13
188,140
189,58
190,15
191,22
192,67
193,14
194,998
195,52
196,20
197,33
198,134
199,147
200,58
201,16
202,593
203,32
204,27
205,90
206,353
207,40
208,31
209,20
210,229
211,42
212,49
213,24
214,808
215,79
216,20
217,146
218,205
219,13
220,34
221,36
222,13
223,10
224,58
225,24
226,13
227,20
228,14
229,14
230,414
231,85
232,90
233,20
234,253
235,22
236,47
237,24
238,94
239,12
240,58
241,188
242,140
243,199
244,13
245,249
246,61
247,102
248,762
249,326
250,26
251,21
252,325
253,214
254,18
255,14
256,11
257,67
258,301
259,41
260,52
261,16
262,364
263,60
264,18
265,45
266,15
267,73
268,18
269,24
270,16
271,17
272,22
273,140
274,89
275,81
276,21
277,23
278,47
279,71
280,12
281,52
282,17
283,21
284,168
285,76
286,232
287,21
288,253
289,358
290,134
291,408
292,817
293,93
294,41
295,547
296,115
297,40
298,10
299,27
300,190
301,61
302,12
303,64
304,39
305,18
306,159
307,31
308,84
309,14
310,38
311,339
312,42
313,75
314,12
315,10
316,31
317,126
318,82
319,72
320,97
321,26
322,89
323,62
324,127
325,48
326,14
327,179
328,10
329,93
330,217
331,23
332,13
333,118
334,17
335,43
336,25
337,125
338,20
339,19
340,52
341,76
342,17
343,65
344,49
345,45
346,15
347,11
348,67
349,87
350,29
351,58
352,38
353,256
354,129
355,65
356,430
357,11
358,71
359,419
360,122
361,31
362,59
363,30
364,80
365,10
366,12
367,15
368,16
369,16
370,60
371,131
372,42
373,29
374,72
375,61
376,13
377,259
378,55
379,25
380,13
381,15
382,16
383,106
384,10
385,14
386,163
387,14
388,109
389,15
390,13
391,177
392,24
393,53
394,31
395,49
396,31
397,11
398,11
399,10
400,13
401,12
402,91
403,125
404,13
405,23
406,66
407,13
408,27
409,23
410,122
411,25
412,25
413,12
414,197
415,25
416,46
417,11
418,56
419,11
420,34
421,30
422,46
423,142
424,241
425,54
426,22
427,34
428,22
429,20
430,37
431,38
432,92
433,79
434,362
435,24
436,24
437,13
438,155
439,12
440,32
441,24
442,207
443,134
444,28
445,52
446,99
447,23
448,39
449,24
450,143
451,88
452,223
453,96
454,60
455,45
456,17
457,45
458,92
459,390
460,19
461,12
462,19
463,93
464,54
465,54
466,43
467,50
468,24
469,25
470,77
471,13
472,13
473,76
474,34
475,45
476,40
477,99
478,84
479,23
480,14
481,59
482,88
483,280
484,17
485,152
486,127
487,57
488,17
489,12
490,64
491,26
492,69
493,12
494,39
495,10
496,22
497,19
498,31
499,17
500,86
501,11
502,10
503,32
504,37
505,260
506,27
507,76
508,56
509,12
510,55
511,111
512,100
513,31
514,75
515,55
516,19
517,37
518,15
519,83
520,136
521,49
522,84
523,29
524,22
525,34
526,34
527,59
528,30
529,15
530,29
531,16
532,64
533,13
534,39
535,22
536,24
537,30
538,32
539,40
540,18
541,13
542,38
543,68
544,14
545,38
546,19
547,42
548,45
549,75
550,58
551,31
552,37
553,15
554,88
555,63
556,52
557,14
558,35
559,99
560,10
561,16
562,190
563,14
564,31
565,12
566,48
567,41
568,119
569,17
570,56
571,94
572,21
573,16
574,65
575,264
576,15
577,23
578,22
579,19
580,22
581,11
582,31
583,22
584,53
585,23
586,27
587,10
588,34
589,112
590,31
591,60
592,15
593,45
594,147
595,219
596,104
597,34
598,10
599,42
600,75
601,28
602,46
603,40
604,42
605,60
606,34
607,16
608,10
609,28
610,43
611,25
612,20
613,21
614,50
615,10
616,12
617,53
618,13
619,42
620,10
621,33
622,11
623,41
624,39
625,78
626,184
627,33
628,42
629,10
630,178
631,45
632,34
633,32
634,19
635,13
636,11
637,210
638,10
639,25
640,18
641,68
642,45
643,106
644,31
645,41
646,98
647,130
648,19
649,43
650,22
651,39
652,13
653,12
654,18
655,30
656,38
657,44
658,38
659,45
660,35
661,78
662,59
663,29
664,110
665,56
666,27
667,99
668,12
669,74
670,44
671,62
672,16
673,35
674,15
675,28
676,20
677,11
678,21
679,31
680,12
681,14
682,21
683,60
684,70
685,33
686,31
687,16
688,58
689,73
690,45
691,39
692,27
693,17
694,32
695,48
696,24
697,45
698,60
699,113
700,27
701,35
702,21
703,13
704,47
705,19
706,14
707,22
708,64
709,12
710,19
711,14
712,24
713,20
714,21
715,68
716,20
717,18
718,52
719,18
720,72
721,20
722,41
723,29
724,64
725,38
726,22
727,21
728,50
729,13
730,85
731,16
732,18
733,11
734,21
735,26
736,34
737,98
738,17
739,78
740,65
741,19
742,10
743,13
744,10
745,91
746,14
747,61
748,16
749,10
750,10
751,32
752,155
753,15
754,13
755,48
756,17
757,12
758,32
759,42
760,140
761,16
762,21
763,18
764,48
765,14
766,11
767,15
768,24
769,10
770,40
771,12
772,10
773,24
774,23
775,14
776,27
777,16
778,11
779,108
780,22
781,21
782,12
783,134
784,102
785,15
786,14
787,14
788,15
789,38
790,69
791,29
792,24
793,118
794,31
795,24
796,20
797,12
798,25
799,14
800,26
801,17
802,22
803,27
804,185
805,16
806,57
807,15
808,19
809,13
810,27
811,25
812,25
813,20
814,10
815,11
816,50
817,11
818,42
819,35
820,135
821,14
822,14
823,29
824,52
825,16
826,27
827,49
828,43
829,21
830,32
831,47
832,16
833,40
834,11
835,14
836,48
837,19
838,26
839,43
840,22
841,14
842,25
843,12
844,28
845,14
846,151
847,62
848,32
849,10
850,80
851,10
852,45
853,27
854,21
855,10
856,12
857,31
858,23
859,25
860,19
861,49
862,14
863,14
864,17
865,13
866,69
867,20
868,34
869,12
870,21
871,12
872,23
873,16
874,80
875,10
876,44
877,28
878,13
879,12
880,112
881,27
882,106
883,28
884,28
885,18
886,43
887,25
888,133
889,72
890,50
891,44
892,24
893,10
894,10
895,10
896,33
897,17
898,26
899,10
900,18
901,32
902,32
903,14
904,13
905,14
906,47
907,15
908,56
909,26
910,13
911,13
912,34
913,12
914,20
915,17
916,21
917,32
918,31
919,96
920,29
921,21
922,43
923,23
924,15
925,32
926,45
927,11
928,40
929,12
930,16
931,14
932,19
933,11
934,13
935,18
936,68
937,19
938,70
939,9
940,13
941,33
942,12
943,39
944,25
945,31
946,14
947,133
948,18
949,14
950,37
951,14
952,10
953,22
954,25
955,11
956,48
957,10
958,11
959,14
960,26
961,13
962,41
963,28
964,13
965,34
966,41
967,48
968,14
969,169
970,13
971,99
972,34
973,31
974,37
975,26
976,11
977,14
978,13
979,12
980,17
981,34
982,11
983,11
984,13
985,27
986,19
987,84
988,13
989,24
990,44
991,23
992,11
993,19
994,18
995,54
996,73
997,58
998,29
999,26
1000,20
1001,11
1002,14
1003,16
1004,23
1005,91
1006,29
1007,16
1008,15
1009,44
1010,32
1011,46
1012,17
1013,28
1014,17
1015,26
1016,13
1017,12
1018,15
1019,11
1020,30
1021,10
1022,75
1023,51
1024,15
1025,12
1026,26
1027,29
1028,64
1029,36
1030,11
1031,13
1032,26
1033,15
1034,17
1035,19
1036,46
1037,87
1038,16
1039,38
1040,31
1041,80
1042,19
1043,34
1044,11
1045,24
1046,25
1047,11
1048,13
1049,28
1050,160
1051,27
1052,13
1053,15
1054,11
1055,13
1056,22
1057,12
1058,70
1059,14
1060,6
1061,10
1062,27
1063,30
1064,41
1065,26
1066,61
1067,29
1068,30
1069,11
1070,44
1071,12
1072,31
1073,10
1074,14
1075,29
1076,44
1077,12
1078,41
1079,25
1080,42
1081,20
1082,11
1083,13
1084,22
1085,10
1086,26
1087,14
1088,25
1089,21
1090,15
1091,15
1092,68
1093,12
1094,63
1095,14
1096,21
1097,23
1098,63
1099,25
1100,10
1101,31
1102,27
1103,28
1104,16
1105,24
1106,32
1107,21
1108,16
1109,13
1110,34
1111,21
1112,25
1113,11
1114,13
1115,10
1116,12
1117,22
1118,11
1119,11
1120,34
1121,16
1122,17
1123,15
1124,10
1125,18
1126,14
1127,12
1128,35
1129,31
1130,21
1131,21
1132,11
1133,13
1134,33
1135,16
1136,10
1137,32
1138,30
1139,30
1140,22
1141,29
1142,12
1143,10
1144,10
1145,48
1146,17
1147,22
1148,26
1149,25
1150,24
1151,27
1152,67
1153,17
1154,17
1155,32
1156,17
1157,23
1158,19
1159,11
1160,19
1161,10
1162,49
1163,16
1164,20
1165,13
1166,55
1167,26
1168,70
1169,13
1170,11
1171,24
1172,16
1173,12
1174,51
1175,15
1176,11
1177,21
1178,12
1179,19
1180,27
1181,25
1182,11
1183,29
1184,57
1185,15
1186,29
1187,74
1188,46
1189,11
1190,15
1191,16
1192,31
1193,44
1194,53
1195,20
1196,10
1197,12
1198,10
1199,16
1200,27
1201,34
1202,24
1203,10
1204,19
1205,17
1206,19
1207,10
1208,19
1209,10
1210,27
1211,12
1212,57
1213,22
1214,17
1215,27
1216,34
1217,11
1218,12
1219,12
1220,17
1221,19
1222,15
1223,20
1224,19
1225,41
1226,83
1227,27
1228,16
1229,23
1230,16
1231,10
1232,9
1233,18
1234,25
1235,21
1236,30
1237,35
1238,16
1239,14
1240,10
1241,24
1242,17
1243,8
1244,33
1245,16
1246,24
1247,19
1248,7
1249,12
1250,12
1251,16
1252,17
1253,31
1254,32
1255,16
1256,44
1257,10
1258,10
1259,16
1260,14
1261,15
1262,18
1263,14
1264,11
1265,41
1266,17
1267,71
1268,16
1269,16
1270,22
1271,24
1272,15
1273,13
1274,51
1275,21
1276,51
1277,13
1278,28
1279,24
1280,68
1281,16
1282,29
1283,15
1284,34
1285,59
1286,16
1287,26
1288,14
1289,31
1290,16
1291,53
1292,46
1293,46
1294,28
1295,21
1296,39
1297,13
1298,13
1299,36
1300,25
1301,10
1302,22
1303,10
1304,62
1305,43
1306,23
1307,13
1308,13
1309,27
1310,7
1311,14
1312,14
1313,32
1314,34
1315,10
1316,12
1317,10
1318,11
1319,32
1320,16
1321,49
1322,16
1323,6
1324,24
1325,29
1326,14
1327,19
1328,11
1329,12
1330,50
1331,26
1332,21
1333,13
1334,13
1335,21
1336,13
1337,15
1338,13
1339,11
1340,20
1341,17
1342,13
1343,16
1344,13
1345,23
1346,13
1347,14
1348,10
1349,21
1350,22
1351,30
1352,31
1353,10
1354,21
1355,10
1356,19
1357,17
1358,13
1359,12
1360,17
1361,12
1362,10
1363,24
1364,10
1365,49
1366,12
1367,11
1368,27
1369,18
1370,18
1371,30
1372,11
1373,15
1374,18
1375,10
1376,20
1377,32
1378,10
1379,29
1380,18
1381,19
1382,19
1383,20
1384,15
1385,20
1386,15
1387,17
1388,110
1389,16
1390,27
1391,16
1392,16
1393,14
1394,16
1395,14
1396,5
1397,14
1398,21
1399,64
1400,39
1401,36
1402,15
1403,29
1404,14
1405,12
1406,17
1407,23
1408,22
1409,24
1410,17
1411,46
1412,15
1413,34
1414,14
1415,13
1416,15
1417,22
1418,46
1419,44
1420,10
1421,14
1422,15
1423,11
1424,11
1425,22
1426,18
1427,11
1428,46
1429,33
1430,15
1431,11
1432,39
1433,9
1434,14
1435,17
1436,27
1437,11
1438,41
1439,29
1440,17
1441,20
1442,10
1443,35
1444,33
1445,18
1446,12
1447,22
1448,63
1449,52
1450,12
1451,21
1452,15
1453,31
1454,11
1455,28
1456,11
1457,26
1458,10
1459,27
1460,12
1461,29
1462,14
1463,26
1464,11
1465,14
1466,14
1467,11
1468,43
1469,10
1470,11
1471,13
1472,10
1473,19
1474,44
1475,19
1476,13
1477,18
1478,15
1479,10
1480,14
1481,12
1482,16
1483,58
1484,27
1485,19
1486,12
1487,24
1488,15
1489,15
1490,15
1491,35
1492,13
1493,37
1494,29
1495,30
1496,11
1497,26
1498,20
1499,11
1500,15
1501,26
1502,33
1503,25
1504,11
1505,38
1506,24
1507,23
1508,15
1509,13
1510,12
1511,20
1512,17
1513,18
1514,16
1515,10
1516,13
1517,16
1518,39
1519,10
1520,26
1521,17
1522,6
1523,33
1524,12
1525,20
1526,11
1527,12
1528,10
1529,16
1530,14
1531,17
1532,17
1533,22
1534,10
1535,15
1536,21
1537,19
1538,18
1539,38
1540,31
1541,22
1542,10
1543,19
1544,12
1545,13
1546,26
1547,16
1548,11
1549,11
1550,15
1551,11
1552,10
1553,10
1554,12
1555,10
1556,26
1557,17
1558,14
1559,22
1560,15
1561,19
1562,17
1563,10
1564,13
1565,14
1566,21
1567,24
1568,11
1569,16
1570,20
1571,19
1572,15
1573,15
1574,11
1575,10
1576,18
1577,20
1578,38
1579,16
1580,14
1581,15
1582,18
1583,21
1584,16
1585,13
1586,15
1587,46
1588,18
1589,10
1590,10
1591,14
1592,15
1593,21
1594,9
1595,8
1596,16
1597,27
1598,34
1599,12
1600,16
1601,25
1602,11
1603,12
1604,23
1605,10
1606,16
1607,17
1608,29
1609,33
1610,10
1611,26
1612,14
1613,9
1614,13
1615,11
1616,11
1617,23
1618,12
1619,29
1620,15
1621,15
1622,14
1623,13
1624,14
1625,11
1626,37
1627,16
1628,37
1629,12
1630,25
1631,8
1632,10
1633,17
1634,15
1635,18
1636,27
1637,11
1638,10
1639,11
1640,15
1641,10
1642,11
1643,15
1644,14
1645,14
1646,10
1647,22
1648,14
1649,12
1650,13
1651,10
1652,11
1653,13
1654,23
1655,17
1656,15
1657,33
1658,12
1659,10
1660,10
1661,30
1662,17
1663,18
1664,17
1665,14
1666,11
1667,15
1668,10
1669,10
1670,13
1671,14
1672,18
1673,17
1674,10
1675,19
1676,16
1677,13
1678,14
1679,12
1680,10
1681,14
1682,12
1683,11
1684,15
1685,12
1686,11
1687,14
1688,16
1689,16
1690,13
1691,11
1692,31
1693,11
1694,15
1695,32
1696,11
1697,15
1698,10
1699,17
1700,22
1701,18
1702,47
1703,8
1704,19
1705,16
1706,15
1707,13
1708,10
1709,14
1710,13
1711,12
1712,11
1713,13
1714,11
1715,20
1716,9
1717,17
1718,10
1719,16
1720,10
1721,14
1722,13
1723,9
1724,19
1725,15
1726,20
1727,10
1728,23
1729,12
1730,10
1731,14
1732,11
1733,10
1734,13
1735,15
1736,11
1737,15
1738,11
1739,15
1740,17
1741,18
1742,10
1743,13
1744,20
1745,13
1746,13
1747,10
1748,10
1749,10
1750,14
1751,13
1752,9
1753,14
1754,10
1755,21
1756,10
1757,38
1758,11
1759,12
1760,15
1761,10
1762,15
1763,13
1764,15
1765,8
1766,10
1767,16
1768,15
1769,17
1770,24
1771,12
1772,13
1773,10
1774,11
1775,10
1776,10
1777,16
1778,12
1779,13
1780,13
1781,10
1782,12
1783,13
1784,17
1785,18
1786,13
1787,13
1788,13
1789,6
1790,14
1791,10
1792,11
1793,10
1794,14
1795,17
1796,10
1797,14
1798,16
1799,7
1800,25
1801,10
1802,12
1803,12
1804,10
1805,12
1806,17
1807,9
1808,34
1809,10
1810,10
1811,14
1812,19
1813,14
1814,11
1815,13
1816,10
1817,19
1818,18
1819,14
1820,11
1821,10
1822,14
1823,12
1824,11
1825,10
1826,16
1827,18
1828,8
1829,20
1830,10
1831,11
1832,6
1833,15
1834,11
1835,14
1836,19
1837,14
1838,10
1839,11
1840,11
1841,15
1842,12
1843,14
1844,18
1845,12
1846,25
1847,9
1848,17
1849,7
1850,11
1851,13
1852,10
1853,12
1854,11
1855,13
1856,10
1857,16
1858,17
1859,13
1860,15
1861,12
1862,19
1863,14
1864,13
1865,21
1866,20
1867,12
1868,12
1869,10
1870,13
1871,15
1872,14
1873,7
1874,13
1875,10
1876,10
1877,14
1878,11
1879,13
1880,17
1881,10
1882,11
1883,12
1884,17
1885,14
1886,12
1887,10
1888,16
1889,13
1890,26
1891,10
1892,16
1893,24
1894,11
1895,10
1896,13
1897,11
1898,12
1899,6
1900,14
1901,10
1902,19
1903,15
1904,12
1905,10
1906,9
1907,10
1908,9
1909,11
1910,11
1911,12
1912,12
1913,12
1914,12
1915,10
1916,13
1917,10
1918,10
1919,11
1920,15
1921,8
1922,16
1923,10
1924,12
1925,8
1926,7
1927,11
1928,12
1929,10
1930,12
1931,10
1932,9
1933,13
1934,10
1935,12
1936,10
1937,11
1938,16
1939,11
1940,11
1941,10
1942,10
1943,21
1944,10
1945,11
1946,11
1947,8
1948,10
1949,12
1950,10
1951,10
1952,11
1953,11
1954,11
1955,14
1956,12
1957,6
1958,17
1959,23
1960,13
1961,9
1962,15
1963,10
1964,7
1965,15
1966,7
1967,12
1968,16
1969,14
1970,16
1971,11
1972,12
1973,12
1974,13
1975,10
1976,12
1977,10
1978,11
1979,13
1980,9
1981,4
1982,12
1983,19
1984,13
1985,19
1986,10
1987,10
1988,12
1989,4
1990,10
1991,9
1992,10
1993,14
1994,10
1995,18
1996,10
1997,14
1998,12
1999,9
2000,14
2001,10
2002,10
2003,10
2004,13
2005,10
2006,14
2007,10
2008,16
2009,10
2010,14
2011,11
2012,37
2013,12
2014,8
2015,10
2016,10
2017,19
2018,11
2019,13
2020,13
2021,10
2022,11
2023,10
2024,10
2025,10
2026,12
2027,10
2028,18
2029,11
2030,8
2031,10
2032,10
2033,10
2034,8
2035,10
2036,9
2037,12
2038,9
2039,10
2040,10
2041,12
2042,11
2043,9
2044,11
2045,15
2046,10
2047,1
2048,9
2049,5
2050,14
2051,9
2052,8
2053,11
2054,12
2055,12
2056,13
2057,10
2058,10
2059,5
2060,10
2061,5
2062,5
2063,11
2064,10
2065,10
2066,11
2067,11
2068,5
2069,9
2070,12
2071,12
2072,10
2073,10
2074,10
2075,11
2076,10
2077,10
2078,4
2079,7
2080,10
2081,7
2082,8
2083,12
2084,13
2085,7
2086,9
2087,10
2088,10
2089,10
2090,7
2091,13
2092,6
2093,10
2094,6
2095,8
2096,10
2097,11
2098,10
2099,10
2100,10
2101,8
2102,7
2103,6
2104,11
2105,8
2106,10
2107,10
2108,12
2109,6
2110,6
2111,7
2112,10
2113,11
