PRIMARY DESCRIPTION,0,1,2,3,4,5,6,7,8,9,10,11,12,13,14,15,16,17,18,19,20,21,22,23
ASSAULT,918,565,435,347,267,265,348,537,877,1028,1116,1096,1205,1029,1180,1435,1304,1229,1160,1121,963,845,785,783
BATTERY,2621,1962,1632,1356,960,742,737,1080,1389,1587,1636,1777,1840,1632,1767,2299,2297,2142,2162,2135,2162,2114,2104,2182
BURGLARY,982,445,557,733,612,522,532,463,428,418,429,369,499,381,453,456,534,622,679,659,584,551,594,523
CRIMINAL DAMAGE,1927,1216,1177,1173,1070,872,838,809,836,900,865,753,888,835,911,1012,1023,1147,1290,1153,1191,1203,1429,1259
CRIMINAL TRESPASS,253,158,140,150,120,114,131,170,204,249,282,292,278,297,324,357,316,303,294,291,240,215,189,167
DECEPTIVE PRACTICE,1851,201,152,138,108,113,124,259,526,1039,767,727,1534,865,882,863,704,660,556,434,328,231,188,156
MOTOR VEHICLE THEFT,1193,753,700,685,550,547,534,545,552,542,585,488,693,505,584,631,714,919,1055,1037,1028,1058,1264,1020
NARCOTICS,183,81,62,51,35,18,63,111,167,193,316,496,475,441,399,372,451,358,409,536,507,374,243,160
OTHER OFFENSE,1175,364,275,235,181,141,248,396,683,901,944,929,1110,821,754,822,883,816,760,829,741,631,568,470
THEFT,2494,1078,997,965,852,749,961,1319,1869,2251,2492,2726,3464,3163,3311,3380,3254,3202,3002,2501,2181,1788,1540,1344
